"e","att","se","label","spec","grp","outcome","name"
-8,-0.0197313304942914,0.01453841137293,"main_all|all|run_shoe_d","main_all","all","run_shoe_d","Running shoe"
-7,-0.041064823515303,0.0115743424381601,"main_all|all|run_shoe_d","main_all","all","run_shoe_d","Running shoe"
-6,-0.0208795433941156,0.0118891748637436,"main_all|all|run_shoe_d","main_all","all","run_shoe_d","Running shoe"
-5,-0.0200939466600324,0.0119460424926822,"main_all|all|run_shoe_d","main_all","all","run_shoe_d","Running shoe"
-4,-0.0298609218059116,0.0104476899705265,"main_all|all|run_shoe_d","main_all","all","run_shoe_d","Running shoe"
-3,-0.00787333425270371,0.0117634005261627,"main_all|all|run_shoe_d","main_all","all","run_shoe_d","Running shoe"
-2,-0.0315619807936696,0.0107320524227979,"main_all|all|run_shoe_d","main_all","all","run_shoe_d","Running shoe"
-1,0,NA,"main_all|all|run_shoe_d","main_all","all","run_shoe_d","Running shoe"
0,-0.0158657215505544,0.0127629941724631,"main_all|all|run_shoe_d","main_all","all","run_shoe_d","Running shoe"
1,-0.016945761023347,0.0117563750911084,"main_all|all|run_shoe_d","main_all","all","run_shoe_d","Running shoe"
2,-0.00905117858545282,0.0121556514695304,"main_all|all|run_shoe_d","main_all","all","run_shoe_d","Running shoe"
3,-0.0254942668216454,0.0114786435627796,"main_all|all|run_shoe_d","main_all","all","run_shoe_d","Running shoe"
4,-0.017482365461673,0.0110934889985383,"main_all|all|run_shoe_d","main_all","all","run_shoe_d","Running shoe"
5,-0.0192510363177594,0.0128450503724475,"main_all|all|run_shoe_d","main_all","all","run_shoe_d","Running shoe"
6,-0.0164665552273479,0.0131334943263153,"main_all|all|run_shoe_d","main_all","all","run_shoe_d","Running shoe"
7,-0.0010395227014139,0.0144587166838632,"main_all|all|run_shoe_d","main_all","all","run_shoe_d","Running shoe"
8,-0.0215602236386138,0.0135627213011814,"main_all|all|run_shoe_d","main_all","all","run_shoe_d","Running shoe"
-8,-0.0542633672011164,0.0266837423997404,"main_all|all|run_any_d","main_all","all","run_any_d","Running-related (keyword)"
-7,-0.11054249879197,0.0231126249844312,"main_all|all|run_any_d","main_all","all","run_any_d","Running-related (keyword)"
-6,-0.0552466803768306,0.0231329289549979,"main_all|all|run_any_d","main_all","all","run_any_d","Running-related (keyword)"
-5,-0.0850691020850414,0.0202485889437662,"main_all|all|run_any_d","main_all","all","run_any_d","Running-related (keyword)"
-4,-0.0896966914639199,0.0194298903205938,"main_all|all|run_any_d","main_all","all","run_any_d","Running-related (keyword)"
-3,-0.0672771614320046,0.019488400320568,"main_all|all|run_any_d","main_all","all","run_any_d","Running-related (keyword)"
-2,-0.0787333769793313,0.0200175510871884,"main_all|all|run_any_d","main_all","all","run_any_d","Running-related (keyword)"
-1,0,NA,"main_all|all|run_any_d","main_all","all","run_any_d","Running-related (keyword)"
0,-0.000244675052366089,0.0213340017801129,"main_all|all|run_any_d","main_all","all","run_any_d","Running-related (keyword)"
1,-0.00061038651130847,0.0210984009429064,"main_all|all|run_any_d","main_all","all","run_any_d","Running-related (keyword)"
2,-0.0191458166711519,0.0216120693982772,"main_all|all|run_any_d","main_all","all","run_any_d","Running-related (keyword)"
3,-0.0410873465163251,0.0209130254826451,"main_all|all|run_any_d","main_all","all","run_any_d","Running-related (keyword)"
4,-0.0408160404449268,0.020366187637589,"main_all|all|run_any_d","main_all","all","run_any_d","Running-related (keyword)"
5,-0.0592908215949305,0.0224852414080821,"main_all|all|run_any_d","main_all","all","run_any_d","Running-related (keyword)"
6,-0.050043246573548,0.0239995264271376,"main_all|all|run_any_d","main_all","all","run_any_d","Running-related (keyword)"
7,-0.0184635545994712,0.02495208225507,"main_all|all|run_any_d","main_all","all","run_any_d","Running-related (keyword)"
8,-0.0333869985243203,0.0273933334432588,"main_all|all|run_any_d","main_all","all","run_any_d","Running-related (keyword)"
-8,-0.03691472166485,0.0219814142166969,"main_all|all|fit_gear_d","main_all","all","fit_gear_d","Fitness gear"
-7,-0.0566032784791788,0.0188737011684851,"main_all|all|fit_gear_d","main_all","all","fit_gear_d","Fitness gear"
-6,-0.027753740444378,0.0184558581130978,"main_all|all|fit_gear_d","main_all","all","fit_gear_d","Fitness gear"
-5,-0.0271267332555316,0.0179348614436981,"main_all|all|fit_gear_d","main_all","all","fit_gear_d","Fitness gear"
-4,-0.0327937639810377,0.0169448388329834,"main_all|all|fit_gear_d","main_all","all","fit_gear_d","Fitness gear"
-3,-0.0350866128109906,0.0176451242749235,"main_all|all|fit_gear_d","main_all","all","fit_gear_d","Fitness gear"
-2,-0.0187063576629943,0.0176083200137096,"main_all|all|fit_gear_d","main_all","all","fit_gear_d","Fitness gear"
-1,0,NA,"main_all|all|fit_gear_d","main_all","all","fit_gear_d","Fitness gear"
0,-0.00479934923334883,0.0179520868591166,"main_all|all|fit_gear_d","main_all","all","fit_gear_d","Fitness gear"
1,-0.0184517309108632,0.0165140948583127,"main_all|all|fit_gear_d","main_all","all","fit_gear_d","Fitness gear"
2,-0.0208432766600424,0.0174187006945042,"main_all|all|fit_gear_d","main_all","all","fit_gear_d","Fitness gear"
3,-0.0288136983557549,0.0174577409438777,"main_all|all|fit_gear_d","main_all","all","fit_gear_d","Fitness gear"
4,-0.00474593795939398,0.0192324831493738,"main_all|all|fit_gear_d","main_all","all","fit_gear_d","Fitness gear"
5,-0.0375581660766751,0.0175667949262273,"main_all|all|fit_gear_d","main_all","all","fit_gear_d","Fitness gear"
6,-0.0164867629429725,0.018984726343724,"main_all|all|fit_gear_d","main_all","all","fit_gear_d","Fitness gear"
7,-0.013213758180925,0.0214663251578481,"main_all|all|fit_gear_d","main_all","all","fit_gear_d","Fitness gear"
8,-0.0174471803939529,0.0215175301522513,"main_all|all|fit_gear_d","main_all","all","fit_gear_d","Fitness gear"
-8,-0.0802972158811605,0.0262181625360452,"main_all|all|supp_d","main_all","all","supp_d","Supplements"
-7,-0.057718691743951,0.0242036027874837,"main_all|all|supp_d","main_all","all","supp_d","Supplements"
-6,-0.0762502940232476,0.0230483783343837,"main_all|all|supp_d","main_all","all","supp_d","Supplements"
-5,-0.0313472471478686,0.0220324433221577,"main_all|all|supp_d","main_all","all","supp_d","Supplements"
-4,-0.0332906797179391,0.0205231747831183,"main_all|all|supp_d","main_all","all","supp_d","Supplements"
-3,-0.0307601382072803,0.0204089644639618,"main_all|all|supp_d","main_all","all","supp_d","Supplements"
-2,-0.00754944343173692,0.0200757111607096,"main_all|all|supp_d","main_all","all","supp_d","Supplements"
-1,0,NA,"main_all|all|supp_d","main_all","all","supp_d","Supplements"
0,0.0257208300906757,0.0198553502844764,"main_all|all|supp_d","main_all","all","supp_d","Supplements"
1,0.03888010856562,0.0202343782887508,"main_all|all|supp_d","main_all","all","supp_d","Supplements"
2,0.0306743594052826,0.0206642515545525,"main_all|all|supp_d","main_all","all","supp_d","Supplements"
3,0.0196534993920975,0.0211996869913916,"main_all|all|supp_d","main_all","all","supp_d","Supplements"
4,0.020168270304286,0.0214500482133323,"main_all|all|supp_d","main_all","all","supp_d","Supplements"
5,0.0062538932403232,0.0234709426525151,"main_all|all|supp_d","main_all","all","supp_d","Supplements"
6,-0.00605155497836596,0.024071803937958,"main_all|all|supp_d","main_all","all","supp_d","Supplements"
7,0.0441133052839038,0.0270958908024517,"main_all|all|supp_d","main_all","all","supp_d","Supplements"
8,0.020368762647006,0.029812662221112,"main_all|all|supp_d","main_all","all","supp_d","Supplements"
-8,-0.0429629830266566,0.0239560749488187,"main_all|all|med_d","main_all","all","med_d","Medication"
-7,-0.0475124015123889,0.0201431626726061,"main_all|all|med_d","main_all","all","med_d","Medication"
-6,-0.030537397990586,0.018332942090416,"main_all|all|med_d","main_all","all","med_d","Medication"
-5,-0.0551327787520073,0.0175077289112588,"main_all|all|med_d","main_all","all","med_d","Medication"
-4,-0.040844719164941,0.0166473674662908,"main_all|all|med_d","main_all","all","med_d","Medication"
-3,-0.0470627565506826,0.0164545532360713,"main_all|all|med_d","main_all","all","med_d","Medication"
-2,-0.00485247212738552,0.0176925030339258,"main_all|all|med_d","main_all","all","med_d","Medication"
-1,0,NA,"main_all|all|med_d","main_all","all","med_d","Medication"
0,0.00656426593780678,0.0172118780188727,"main_all|all|med_d","main_all","all","med_d","Medication"
1,-0.00626322289688829,0.0180188586015596,"main_all|all|med_d","main_all","all","med_d","Medication"
2,-0.0233979835433366,0.0175623726509474,"main_all|all|med_d","main_all","all","med_d","Medication"
3,0.00475937491733668,0.0188915883492685,"main_all|all|med_d","main_all","all","med_d","Medication"
4,-0.00994781720431027,0.0181015873203118,"main_all|all|med_d","main_all","all","med_d","Medication"
5,0.0232541005552681,0.0201969505866994,"main_all|all|med_d","main_all","all","med_d","Medication"
6,-0.0283894546001041,0.0215619388473053,"main_all|all|med_d","main_all","all","med_d","Medication"
7,0.00313202605511669,0.0232106939857244,"main_all|all|med_d","main_all","all","med_d","Medication"
8,-0.00284621110937058,0.0250465838979304,"main_all|all|med_d","main_all","all","med_d","Medication"
-8,-0.0676391717775494,0.0267410912140727,"main_all|all|pet_d","main_all","all","pet_d","PLACEBO: pet"
-7,-0.0682492059270377,0.0237499486089524,"main_all|all|pet_d","main_all","all","pet_d","PLACEBO: pet"
-6,-0.071476739325279,0.0217188440808531,"main_all|all|pet_d","main_all","all","pet_d","PLACEBO: pet"
-5,-0.0587491864072642,0.0204364410491383,"main_all|all|pet_d","main_all","all","pet_d","PLACEBO: pet"
-4,-0.0584653256971784,0.0191864546207169,"main_all|all|pet_d","main_all","all","pet_d","PLACEBO: pet"
-3,-0.0640932749228497,0.0178284680851767,"main_all|all|pet_d","main_all","all","pet_d","PLACEBO: pet"
-2,-0.050315761743948,0.0176664941723372,"main_all|all|pet_d","main_all","all","pet_d","PLACEBO: pet"
-1,0,NA,"main_all|all|pet_d","main_all","all","pet_d","PLACEBO: pet"
0,-0.00413656935809732,0.0176776421468863,"main_all|all|pet_d","main_all","all","pet_d","PLACEBO: pet"
1,-0.00416917288181948,0.0171203605993374,"main_all|all|pet_d","main_all","all","pet_d","PLACEBO: pet"
2,-0.019621620924218,0.0188111162574723,"main_all|all|pet_d","main_all","all","pet_d","PLACEBO: pet"
3,-0.019108669798823,0.019355501356404,"main_all|all|pet_d","main_all","all","pet_d","PLACEBO: pet"
4,-0.0245230379943593,0.0197381733754262,"main_all|all|pet_d","main_all","all","pet_d","PLACEBO: pet"
5,-0.0235762429892881,0.0232205163185036,"main_all|all|pet_d","main_all","all","pet_d","PLACEBO: pet"
6,-0.037077117525282,0.0233700820407025,"main_all|all|pet_d","main_all","all","pet_d","PLACEBO: pet"
7,-0.0536664474340263,0.0248745229765627,"main_all|all|pet_d","main_all","all","pet_d","PLACEBO: pet"
8,-0.00957811636387103,0.027137125355474,"main_all|all|pet_d","main_all","all","pet_d","PLACEBO: pet"
-8,-0.0629259382337657,0.0310268482690882,"main_all|all|book_d","main_all","all","book_d","PLACEBO: books"
-7,-0.0665355576706873,0.0272824579919557,"main_all|all|book_d","main_all","all","book_d","PLACEBO: books"
-6,-0.0562829548873672,0.0270976946705272,"main_all|all|book_d","main_all","all","book_d","PLACEBO: books"
-5,-0.0573220100836685,0.0257788809343092,"main_all|all|book_d","main_all","all","book_d","PLACEBO: books"
-4,-0.039567677100599,0.0234132450150746,"main_all|all|book_d","main_all","all","book_d","PLACEBO: books"
-3,-0.0401931784453075,0.0230983902368198,"main_all|all|book_d","main_all","all","book_d","PLACEBO: books"
-2,-0.0395342180938924,0.0232164529752596,"main_all|all|book_d","main_all","all","book_d","PLACEBO: books"
-1,0,NA,"main_all|all|book_d","main_all","all","book_d","PLACEBO: books"
0,0.0408734401325495,0.0235995582775619,"main_all|all|book_d","main_all","all","book_d","PLACEBO: books"
1,0.00619105476937444,0.0235489679256733,"main_all|all|book_d","main_all","all","book_d","PLACEBO: books"
2,-0.0152504174810392,0.0236057633990221,"main_all|all|book_d","main_all","all","book_d","PLACEBO: books"
3,0.00902122690050829,0.0248391581326074,"main_all|all|book_d","main_all","all","book_d","PLACEBO: books"
4,0.0288026228925127,0.0247184725530278,"main_all|all|book_d","main_all","all","book_d","PLACEBO: books"
5,-0.0121683891681152,0.0259441468438607,"main_all|all|book_d","main_all","all","book_d","PLACEBO: books"
6,-0.0103980695201726,0.0284953093741002,"main_all|all|book_d","main_all","all","book_d","PLACEBO: books"
7,-0.0376921392893118,0.0307131555590266,"main_all|all|book_d","main_all","all","book_d","PLACEBO: books"
8,0.0247899946219873,0.0329316790639511,"main_all|all|book_d","main_all","all","book_d","PLACEBO: books"
-8,0.0159584217387272,0.022841549547274,"main_all|all|giftcard_d","main_all","all","giftcard_d","PLACEBO: gift cards"
-7,-0.0217404592560289,0.019834080363503,"main_all|all|giftcard_d","main_all","all","giftcard_d","PLACEBO: gift cards"
-6,0.000923162309763197,0.0196168682767007,"main_all|all|giftcard_d","main_all","all","giftcard_d","PLACEBO: gift cards"
-5,-0.00479131673356675,0.0161571889526037,"main_all|all|giftcard_d","main_all","all","giftcard_d","PLACEBO: gift cards"
-4,0.0123627981657831,0.0182513140649999,"main_all|all|giftcard_d","main_all","all","giftcard_d","PLACEBO: gift cards"
-3,-0.00111552368581234,0.0179695809337925,"main_all|all|giftcard_d","main_all","all","giftcard_d","PLACEBO: gift cards"
-2,0.0285929374629262,0.0183801850266476,"main_all|all|giftcard_d","main_all","all","giftcard_d","PLACEBO: gift cards"
-1,0,NA,"main_all|all|giftcard_d","main_all","all","giftcard_d","PLACEBO: gift cards"
0,0.0329969256057639,0.0181229979716029,"main_all|all|giftcard_d","main_all","all","giftcard_d","PLACEBO: gift cards"
1,0.0274541609958978,0.0181489860208153,"main_all|all|giftcard_d","main_all","all","giftcard_d","PLACEBO: gift cards"
2,0.0192457537664924,0.0186206865696262,"main_all|all|giftcard_d","main_all","all","giftcard_d","PLACEBO: gift cards"
3,-0.0161837146862639,0.0154730341050523,"main_all|all|giftcard_d","main_all","all","giftcard_d","PLACEBO: gift cards"
4,0.0123396623765212,0.0179320627879975,"main_all|all|giftcard_d","main_all","all","giftcard_d","PLACEBO: gift cards"
5,-0.00509488635932872,0.018359982296482,"main_all|all|giftcard_d","main_all","all","giftcard_d","PLACEBO: gift cards"
6,-0.00319706197943109,0.0196771796509738,"main_all|all|giftcard_d","main_all","all","giftcard_d","PLACEBO: gift cards"
7,0.00117916843885541,0.0209795145773195,"main_all|all|giftcard_d","main_all","all","giftcard_d","PLACEBO: gift cards"
8,-0.0159678990735745,0.0220892126912518,"main_all|all|giftcard_d","main_all","all","giftcard_d","PLACEBO: gift cards"
-8,-0.127075062627273,0.0288229961187553,"main_all|all|cable_d","main_all","all","cable_d","PLACEBO: cables/batteries"
-7,-0.0900173773736516,0.0271493078410689,"main_all|all|cable_d","main_all","all","cable_d","PLACEBO: cables/batteries"
-6,-0.0610124411640731,0.0273419168852721,"main_all|all|cable_d","main_all","all","cable_d","PLACEBO: cables/batteries"
-5,-0.0371513224765181,0.0257248091686761,"main_all|all|cable_d","main_all","all","cable_d","PLACEBO: cables/batteries"
-4,-0.0233902223859308,0.0252887305157253,"main_all|all|cable_d","main_all","all","cable_d","PLACEBO: cables/batteries"
-3,-0.0338096041279055,0.0251203850697741,"main_all|all|cable_d","main_all","all","cable_d","PLACEBO: cables/batteries"
-2,0.00735924031604006,0.0259636418121629,"main_all|all|cable_d","main_all","all","cable_d","PLACEBO: cables/batteries"
-1,0,NA,"main_all|all|cable_d","main_all","all","cable_d","PLACEBO: cables/batteries"
0,0.0507545109011024,0.0262118448460922,"main_all|all|cable_d","main_all","all","cable_d","PLACEBO: cables/batteries"
1,-0.0059107240500635,0.0256549893517614,"main_all|all|cable_d","main_all","all","cable_d","PLACEBO: cables/batteries"
2,0.025338990877062,0.0263877727363246,"main_all|all|cable_d","main_all","all","cable_d","PLACEBO: cables/batteries"
3,0.00921112407776506,0.0253012023606515,"main_all|all|cable_d","main_all","all","cable_d","PLACEBO: cables/batteries"
4,0.0237188628611588,0.0265570508147675,"main_all|all|cable_d","main_all","all","cable_d","PLACEBO: cables/batteries"
5,-0.0155221234315015,0.0272360209709916,"main_all|all|cable_d","main_all","all","cable_d","PLACEBO: cables/batteries"
6,0.0417629166040483,0.027872929022283,"main_all|all|cable_d","main_all","all","cable_d","PLACEBO: cables/batteries"
7,-0.00811246011518954,0.0284373443439396,"main_all|all|cable_d","main_all","all","cable_d","PLACEBO: cables/batteries"
8,-0.0393786243237272,0.0325619978242751,"main_all|all|cable_d","main_all","all","cable_d","PLACEBO: cables/batteries"
-8,0.0028018965352518,0.0202001686793983,"main_all|all|cleaning_d","main_all","all","cleaning_d","PLACEBO: cleaning"
-7,-0.028958155846686,0.0196468826812543,"main_all|all|cleaning_d","main_all","all","cleaning_d","PLACEBO: cleaning"
-6,0.0151735166163722,0.0190907383170103,"main_all|all|cleaning_d","main_all","all","cleaning_d","PLACEBO: cleaning"
-5,-0.0318581525003667,0.0174663372169411,"main_all|all|cleaning_d","main_all","all","cleaning_d","PLACEBO: cleaning"
-4,-0.00781718567262689,0.0176492693425398,"main_all|all|cleaning_d","main_all","all","cleaning_d","PLACEBO: cleaning"
-3,-0.0124454253317236,0.0163663303275835,"main_all|all|cleaning_d","main_all","all","cleaning_d","PLACEBO: cleaning"
-2,0.00693586403371026,0.0162843084738384,"main_all|all|cleaning_d","main_all","all","cleaning_d","PLACEBO: cleaning"
-1,0,NA,"main_all|all|cleaning_d","main_all","all","cleaning_d","PLACEBO: cleaning"
0,0.00983142357678913,0.0178206565980988,"main_all|all|cleaning_d","main_all","all","cleaning_d","PLACEBO: cleaning"
1,0.0157260236286646,0.0184917951622005,"main_all|all|cleaning_d","main_all","all","cleaning_d","PLACEBO: cleaning"
2,0.0230496572099981,0.0182872199370305,"main_all|all|cleaning_d","main_all","all","cleaning_d","PLACEBO: cleaning"
3,0.0243867203828739,0.018522458278418,"main_all|all|cleaning_d","main_all","all","cleaning_d","PLACEBO: cleaning"
4,0.00569284916511993,0.0185820104600398,"main_all|all|cleaning_d","main_all","all","cleaning_d","PLACEBO: cleaning"
5,-0.00870771436397693,0.0183873411142131,"main_all|all|cleaning_d","main_all","all","cleaning_d","PLACEBO: cleaning"
6,0.0183314561745709,0.0197186153243107,"main_all|all|cleaning_d","main_all","all","cleaning_d","PLACEBO: cleaning"
7,0.048994256320441,0.0230509952990968,"main_all|all|cleaning_d","main_all","all","cleaning_d","PLACEBO: cleaning"
8,0.0400099674928797,0.0250813914180783,"main_all|all|cleaning_d","main_all","all","cleaning_d","PLACEBO: cleaning"
-8,-0.0412081452196674,0.0241465783366331,"main_all|all|grocery_d","main_all","all","grocery_d","PLACEBO: grocery/food"
-7,-0.0291040789865158,0.0219052880148621,"main_all|all|grocery_d","main_all","all","grocery_d","PLACEBO: grocery/food"
-6,-0.0153112601606318,0.0203763664144318,"main_all|all|grocery_d","main_all","all","grocery_d","PLACEBO: grocery/food"
-5,0.00749065022106568,0.0199141069928249,"main_all|all|grocery_d","main_all","all","grocery_d","PLACEBO: grocery/food"
-4,0.00269047334397225,0.0188269651791004,"main_all|all|grocery_d","main_all","all","grocery_d","PLACEBO: grocery/food"
-3,0.00354503197076092,0.0171491382913565,"main_all|all|grocery_d","main_all","all","grocery_d","PLACEBO: grocery/food"
-2,0.00920454984905055,0.0160126579773945,"main_all|all|grocery_d","main_all","all","grocery_d","PLACEBO: grocery/food"
-1,0,NA,"main_all|all|grocery_d","main_all","all","grocery_d","PLACEBO: grocery/food"
0,0.019608211717971,0.0175765536688906,"main_all|all|grocery_d","main_all","all","grocery_d","PLACEBO: grocery/food"
1,0.00585539137390532,0.0181059072832994,"main_all|all|grocery_d","main_all","all","grocery_d","PLACEBO: grocery/food"
2,0.0184910631965655,0.0198840640589125,"main_all|all|grocery_d","main_all","all","grocery_d","PLACEBO: grocery/food"
3,0.0133890551787157,0.0191127729444605,"main_all|all|grocery_d","main_all","all","grocery_d","PLACEBO: grocery/food"
4,0.0269087248318534,0.019493759565415,"main_all|all|grocery_d","main_all","all","grocery_d","PLACEBO: grocery/food"
5,0.0266940439236813,0.0215019008945366,"main_all|all|grocery_d","main_all","all","grocery_d","PLACEBO: grocery/food"
6,0.0149900912786239,0.0217595693017623,"main_all|all|grocery_d","main_all","all","grocery_d","PLACEBO: grocery/food"
7,0.00737061379111595,0.0241127820024887,"main_all|all|grocery_d","main_all","all","grocery_d","PLACEBO: grocery/food"
8,0.0470786295809903,0.0259353229382919,"main_all|all|grocery_d","main_all","all","grocery_d","PLACEBO: grocery/food"
-8,0.0258862401419324,0.118168779675306,"main_all|all|ln_shoe_price","main_all","all","ln_shoe_price","PLACEBO: ln shoe price (cond.)"
-7,0.046156057986916,0.114000573853404,"main_all|all|ln_shoe_price","main_all","all","ln_shoe_price","PLACEBO: ln shoe price (cond.)"
-6,0.0852581371144091,0.0946992875026063,"main_all|all|ln_shoe_price","main_all","all","ln_shoe_price","PLACEBO: ln shoe price (cond.)"
-5,-0.0585810737837541,0.0853872468616709,"main_all|all|ln_shoe_price","main_all","all","ln_shoe_price","PLACEBO: ln shoe price (cond.)"
-4,-0.133334738361677,0.0991872061010602,"main_all|all|ln_shoe_price","main_all","all","ln_shoe_price","PLACEBO: ln shoe price (cond.)"
-3,0.0141508574417199,0.095788260309725,"main_all|all|ln_shoe_price","main_all","all","ln_shoe_price","PLACEBO: ln shoe price (cond.)"
-2,-0.183360573919629,0.103550046465612,"main_all|all|ln_shoe_price","main_all","all","ln_shoe_price","PLACEBO: ln shoe price (cond.)"
-1,0,NA,"main_all|all|ln_shoe_price","main_all","all","ln_shoe_price","PLACEBO: ln shoe price (cond.)"
0,-0.0673705731536797,0.0807101177651649,"main_all|all|ln_shoe_price","main_all","all","ln_shoe_price","PLACEBO: ln shoe price (cond.)"
1,-0.0816901340426412,0.0817679107746089,"main_all|all|ln_shoe_price","main_all","all","ln_shoe_price","PLACEBO: ln shoe price (cond.)"
2,-0.0398139078815975,0.0823040167933985,"main_all|all|ln_shoe_price","main_all","all","ln_shoe_price","PLACEBO: ln shoe price (cond.)"
3,-0.100645181411161,0.0922247348930584,"main_all|all|ln_shoe_price","main_all","all","ln_shoe_price","PLACEBO: ln shoe price (cond.)"
4,-0.119660614616084,0.0840537081930981,"main_all|all|ln_shoe_price","main_all","all","ln_shoe_price","PLACEBO: ln shoe price (cond.)"
5,0.152286600094496,0.0949525398826799,"main_all|all|ln_shoe_price","main_all","all","ln_shoe_price","PLACEBO: ln shoe price (cond.)"
6,0.0172134285667395,0.0865284486678778,"main_all|all|ln_shoe_price","main_all","all","ln_shoe_price","PLACEBO: ln shoe price (cond.)"
7,0.0200464146059675,0.101047669565038,"main_all|all|ln_shoe_price","main_all","all","ln_shoe_price","PLACEBO: ln shoe price (cond.)"
8,-0.212865278272343,0.108902289367806,"main_all|all|ln_shoe_price","main_all","all","ln_shoe_price","PLACEBO: ln shoe price (cond.)"
-8,-0.362648856839905,0.0587070860777725,"main_all|all|ln_n","main_all","all","ln_n","General: ln(1+#purchases)"
-7,-0.362648483025945,0.0527919827215506,"main_all|all|ln_n","main_all","all","ln_n","General: ln(1+#purchases)"
-6,-0.298343587693573,0.049803831735684,"main_all|all|ln_n","main_all","all","ln_n","General: ln(1+#purchases)"
-5,-0.221820442324679,0.0429821074466429,"main_all|all|ln_n","main_all","all","ln_n","General: ln(1+#purchases)"
-4,-0.216660329233824,0.04230428279964,"main_all|all|ln_n","main_all","all","ln_n","General: ln(1+#purchases)"
-3,-0.183300514936525,0.0385367366382333,"main_all|all|ln_n","main_all","all","ln_n","General: ln(1+#purchases)"
-2,-0.141958490784335,0.0371900554113629,"main_all|all|ln_n","main_all","all","ln_n","General: ln(1+#purchases)"
-1,0,NA,"main_all|all|ln_n","main_all","all","ln_n","General: ln(1+#purchases)"
0,0.199990632294553,0.0305628841970676,"main_all|all|ln_n","main_all","all","ln_n","General: ln(1+#purchases)"
1,0.0126015795105006,0.0327798835328928,"main_all|all|ln_n","main_all","all","ln_n","General: ln(1+#purchases)"
2,-0.013658450659798,0.0372846580190775,"main_all|all|ln_n","main_all","all","ln_n","General: ln(1+#purchases)"
3,-0.0436645618121575,0.0382049899006908,"main_all|all|ln_n","main_all","all","ln_n","General: ln(1+#purchases)"
4,-0.060364919966339,0.0406617032977737,"main_all|all|ln_n","main_all","all","ln_n","General: ln(1+#purchases)"
5,-0.173196276643667,0.0458647456982271,"main_all|all|ln_n","main_all","all","ln_n","General: ln(1+#purchases)"
6,-0.192345563517678,0.0508241900551671,"main_all|all|ln_n","main_all","all","ln_n","General: ln(1+#purchases)"
7,-0.204328929571959,0.0516030605844751,"main_all|all|ln_n","main_all","all","ln_n","General: ln(1+#purchases)"
8,-0.204701761397595,0.0608869034137954,"main_all|all|ln_n","main_all","all","ln_n","General: ln(1+#purchases)"
-8,-0.501255566031848,0.0990500339883982,"main_all|all|ln_spend","main_all","all","ln_spend","General: ln(1+spend)"
-7,-0.513312818784869,0.0892505236666723,"main_all|all|ln_spend","main_all","all","ln_spend","General: ln(1+spend)"
-6,-0.449973757473565,0.0834722895618651,"main_all|all|ln_spend","main_all","all","ln_spend","General: ln(1+spend)"
-5,-0.307536453189834,0.0718402392823568,"main_all|all|ln_spend","main_all","all","ln_spend","General: ln(1+spend)"
-4,-0.336800581342839,0.0715814906388561,"main_all|all|ln_spend","main_all","all","ln_spend","General: ln(1+spend)"
-3,-0.271858447691458,0.0693075295285093,"main_all|all|ln_spend","main_all","all","ln_spend","General: ln(1+spend)"
-2,-0.193505086194709,0.0667460229728141,"main_all|all|ln_spend","main_all","all","ln_spend","General: ln(1+spend)"
-1,0,NA,"main_all|all|ln_spend","main_all","all","ln_spend","General: ln(1+spend)"
0,0.493975754053784,0.0502666527598673,"main_all|all|ln_spend","main_all","all","ln_spend","General: ln(1+spend)"
1,0.032783757606683,0.0550743350901143,"main_all|all|ln_spend","main_all","all","ln_spend","General: ln(1+spend)"
2,-0.0314519713120196,0.0597726689744088,"main_all|all|ln_spend","main_all","all","ln_spend","General: ln(1+spend)"
3,-0.114672529649053,0.0599920826846021,"main_all|all|ln_spend","main_all","all","ln_spend","General: ln(1+spend)"
4,-0.125606916103335,0.0616278119088578,"main_all|all|ln_spend","main_all","all","ln_spend","General: ln(1+spend)"
5,-0.335438175741992,0.0695874691867657,"main_all|all|ln_spend","main_all","all","ln_spend","General: ln(1+spend)"
6,-0.327547899332834,0.0762531866981125,"main_all|all|ln_spend","main_all","all","ln_spend","General: ln(1+spend)"
7,-0.376354563798003,0.0796564239352289,"main_all|all|ln_spend","main_all","all","ln_spend","General: ln(1+spend)"
8,-0.34794316735634,0.0846349278295147,"main_all|all|ln_spend","main_all","all","ln_spend","General: ln(1+spend)"
-8,-0.0199885824631861,0.0166554692748882,"main_clean|all|run_shoe_d","main_clean","all","run_shoe_d","Running shoe"
-7,-0.0363280770110226,0.013073684971607,"main_clean|all|run_shoe_d","main_clean","all","run_shoe_d","Running shoe"
-6,-0.022712607296247,0.0132662713218396,"main_clean|all|run_shoe_d","main_clean","all","run_shoe_d","Running shoe"
-5,-0.0142446371283719,0.0138340819816899,"main_clean|all|run_shoe_d","main_clean","all","run_shoe_d","Running shoe"
-4,-0.0251404811554375,0.0117747035119705,"main_clean|all|run_shoe_d","main_clean","all","run_shoe_d","Running shoe"
-3,-0.0103509259951405,0.0128381349824644,"main_clean|all|run_shoe_d","main_clean","all","run_shoe_d","Running shoe"
-2,-0.0268788879341314,0.0117685576246705,"main_clean|all|run_shoe_d","main_clean","all","run_shoe_d","Running shoe"
-1,0,NA,"main_clean|all|run_shoe_d","main_clean","all","run_shoe_d","Running shoe"
0,-0.0113076094279892,0.0139704236555316,"main_clean|all|run_shoe_d","main_clean","all","run_shoe_d","Running shoe"
1,-0.014648318737111,0.0134186372264048,"main_clean|all|run_shoe_d","main_clean","all","run_shoe_d","Running shoe"
2,-0.00207354886931567,0.0145076115462095,"main_clean|all|run_shoe_d","main_clean","all","run_shoe_d","Running shoe"
3,-0.0183686093668087,0.0132284189415417,"main_clean|all|run_shoe_d","main_clean","all","run_shoe_d","Running shoe"
4,-0.0168960336326717,0.0126513910736484,"main_clean|all|run_shoe_d","main_clean","all","run_shoe_d","Running shoe"
5,-0.0114642622822092,0.0144855006564206,"main_clean|all|run_shoe_d","main_clean","all","run_shoe_d","Running shoe"
6,-0.00715588698803159,0.0147901039905894,"main_clean|all|run_shoe_d","main_clean","all","run_shoe_d","Running shoe"
7,0.0109232286585654,0.0174811341437863,"main_clean|all|run_shoe_d","main_clean","all","run_shoe_d","Running shoe"
8,-0.025077373146296,0.0160441320278638,"main_clean|all|run_shoe_d","main_clean","all","run_shoe_d","Running shoe"
-8,-0.057652377126652,0.0289465252223678,"main_clean|all|run_any_d","main_clean","all","run_any_d","Running-related (keyword)"
-7,-0.115511175039027,0.0254401618020267,"main_clean|all|run_any_d","main_clean","all","run_any_d","Running-related (keyword)"
-6,-0.0610765355380064,0.0257333832587405,"main_clean|all|run_any_d","main_clean","all","run_any_d","Running-related (keyword)"
-5,-0.0910804101595978,0.0228951255792927,"main_clean|all|run_any_d","main_clean","all","run_any_d","Running-related (keyword)"
-4,-0.0881628950261643,0.0218147120154407,"main_clean|all|run_any_d","main_clean","all","run_any_d","Running-related (keyword)"
-3,-0.0566230505074089,0.0215473013874162,"main_clean|all|run_any_d","main_clean","all","run_any_d","Running-related (keyword)"
-2,-0.0676808504467708,0.0224581045992852,"main_clean|all|run_any_d","main_clean","all","run_any_d","Running-related (keyword)"
-1,0,NA,"main_clean|all|run_any_d","main_clean","all","run_any_d","Running-related (keyword)"
0,0.00265478931864754,0.0243805892110244,"main_clean|all|run_any_d","main_clean","all","run_any_d","Running-related (keyword)"
1,-0.00598811581001585,0.0236434192699057,"main_clean|all|run_any_d","main_clean","all","run_any_d","Running-related (keyword)"
2,-0.0191872584270853,0.0246085423568976,"main_clean|all|run_any_d","main_clean","all","run_any_d","Running-related (keyword)"
3,-0.0370206088589821,0.0236223548605837,"main_clean|all|run_any_d","main_clean","all","run_any_d","Running-related (keyword)"
4,-0.0382872981029061,0.0222189877051181,"main_clean|all|run_any_d","main_clean","all","run_any_d","Running-related (keyword)"
5,-0.0493873068471391,0.025009853016344,"main_clean|all|run_any_d","main_clean","all","run_any_d","Running-related (keyword)"
6,-0.0304630664676463,0.0271749532023171,"main_clean|all|run_any_d","main_clean","all","run_any_d","Running-related (keyword)"
7,-0.0059210540001912,0.0281625533241269,"main_clean|all|run_any_d","main_clean","all","run_any_d","Running-related (keyword)"
8,-0.030957882277303,0.0320294704985887,"main_clean|all|run_any_d","main_clean","all","run_any_d","Running-related (keyword)"
-8,-0.0247811777603209,0.0252772095559606,"main_clean|all|fit_gear_d","main_clean","all","fit_gear_d","Fitness gear"
-7,-0.0734420370092063,0.0199788747975344,"main_clean|all|fit_gear_d","main_clean","all","fit_gear_d","Fitness gear"
-6,-0.0337496398711042,0.0210462715457548,"main_clean|all|fit_gear_d","main_clean","all","fit_gear_d","Fitness gear"
-5,-0.0316857115417874,0.0200914724875641,"main_clean|all|fit_gear_d","main_clean","all","fit_gear_d","Fitness gear"
-4,-0.0246834388903765,0.0192056244724288,"main_clean|all|fit_gear_d","main_clean","all","fit_gear_d","Fitness gear"
-3,-0.0322107793141842,0.0201883716721125,"main_clean|all|fit_gear_d","main_clean","all","fit_gear_d","Fitness gear"
-2,0.000379345328885634,0.0204977949328032,"main_clean|all|fit_gear_d","main_clean","all","fit_gear_d","Fitness gear"
-1,0,NA,"main_clean|all|fit_gear_d","main_clean","all","fit_gear_d","Fitness gear"
0,0.00557473569234731,0.0202392954017607,"main_clean|all|fit_gear_d","main_clean","all","fit_gear_d","Fitness gear"
1,-0.0159668634056784,0.0178686232280305,"main_clean|all|fit_gear_d","main_clean","all","fit_gear_d","Fitness gear"
2,-0.012038755378442,0.0201187914748124,"main_clean|all|fit_gear_d","main_clean","all","fit_gear_d","Fitness gear"
3,-0.0171148674848353,0.0196547892222078,"main_clean|all|fit_gear_d","main_clean","all","fit_gear_d","Fitness gear"
4,0.00493049215025305,0.0214857522165254,"main_clean|all|fit_gear_d","main_clean","all","fit_gear_d","Fitness gear"
5,-0.0337244961311177,0.0195055795429003,"main_clean|all|fit_gear_d","main_clean","all","fit_gear_d","Fitness gear"
6,-0.00919259488870171,0.0209457999834691,"main_clean|all|fit_gear_d","main_clean","all","fit_gear_d","Fitness gear"
7,-0.0137506805985938,0.0232917260965019,"main_clean|all|fit_gear_d","main_clean","all","fit_gear_d","Fitness gear"
8,0.000329418156427539,0.0258527234466882,"main_clean|all|fit_gear_d","main_clean","all","fit_gear_d","Fitness gear"
-8,-0.0490818320064626,0.0314740241688094,"main_clean|all|supp_d","main_clean","all","supp_d","Supplements"
-7,-0.0506117428775095,0.026864019941129,"main_clean|all|supp_d","main_clean","all","supp_d","Supplements"
-6,-0.0865525680303662,0.0257292016127543,"main_clean|all|supp_d","main_clean","all","supp_d","Supplements"
-5,-0.0316573367879497,0.0254300427118101,"main_clean|all|supp_d","main_clean","all","supp_d","Supplements"
-4,-0.0342626859436412,0.0241171390977327,"main_clean|all|supp_d","main_clean","all","supp_d","Supplements"
-3,-0.0346513139615563,0.0230934832706593,"main_clean|all|supp_d","main_clean","all","supp_d","Supplements"
-2,-0.0174419599003225,0.0212234488690758,"main_clean|all|supp_d","main_clean","all","supp_d","Supplements"
-1,0,NA,"main_clean|all|supp_d","main_clean","all","supp_d","Supplements"
0,0.029502294698304,0.0221693880157026,"main_clean|all|supp_d","main_clean","all","supp_d","Supplements"
1,0.0413438900610271,0.0226072190517691,"main_clean|all|supp_d","main_clean","all","supp_d","Supplements"
2,0.0480077146170008,0.0228456699175172,"main_clean|all|supp_d","main_clean","all","supp_d","Supplements"
3,0.0153194249969787,0.0238456363747294,"main_clean|all|supp_d","main_clean","all","supp_d","Supplements"
4,0.0107983456966342,0.0238985497944117,"main_clean|all|supp_d","main_clean","all","supp_d","Supplements"
5,0.0120298659220546,0.0259882664112686,"main_clean|all|supp_d","main_clean","all","supp_d","Supplements"
6,0.0147685023191275,0.0262393449764704,"main_clean|all|supp_d","main_clean","all","supp_d","Supplements"
7,0.0522218731684292,0.0302932199735929,"main_clean|all|supp_d","main_clean","all","supp_d","Supplements"
8,0.00125903118586043,0.0341719209750492,"main_clean|all|supp_d","main_clean","all","supp_d","Supplements"
-8,-0.0583172109103792,0.0258300236530443,"main_clean|all|med_d","main_clean","all","med_d","Medication"
-7,-0.0613039109229231,0.0227753207492666,"main_clean|all|med_d","main_clean","all","med_d","Medication"
-6,-0.0474297834638902,0.0201886733864483,"main_clean|all|med_d","main_clean","all","med_d","Medication"
-5,-0.0618153325917648,0.0200909010459584,"main_clean|all|med_d","main_clean","all","med_d","Medication"
-4,-0.0426289624687809,0.0190244478932497,"main_clean|all|med_d","main_clean","all","med_d","Medication"
-3,-0.0467628146381191,0.0189042285608753,"main_clean|all|med_d","main_clean","all","med_d","Medication"
-2,-0.0121568944345139,0.0197102160803263,"main_clean|all|med_d","main_clean","all","med_d","Medication"
-1,0,NA,"main_clean|all|med_d","main_clean","all","med_d","Medication"
0,-0.012702604244972,0.0187625081741097,"main_clean|all|med_d","main_clean","all","med_d","Medication"
1,-0.0115042895874994,0.0202961391471041,"main_clean|all|med_d","main_clean","all","med_d","Medication"
2,-0.0427641697778381,0.0199888021447273,"main_clean|all|med_d","main_clean","all","med_d","Medication"
3,0.00138678113423112,0.021103546550796,"main_clean|all|med_d","main_clean","all","med_d","Medication"
4,-0.0204179003201697,0.0204488569500349,"main_clean|all|med_d","main_clean","all","med_d","Medication"
5,0.00434026436541758,0.022362655391866,"main_clean|all|med_d","main_clean","all","med_d","Medication"
6,-0.032833155343464,0.0248643806014501,"main_clean|all|med_d","main_clean","all","med_d","Medication"
7,-0.00454831764159119,0.0255103910301821,"main_clean|all|med_d","main_clean","all","med_d","Medication"
8,-0.0196114960361278,0.0273504334745851,"main_clean|all|med_d","main_clean","all","med_d","Medication"
-8,-0.0822920861121875,0.0298271484944017,"main_clean|all|pet_d","main_clean","all","pet_d","PLACEBO: pet"
-7,-0.0784995416389838,0.0269876255624279,"main_clean|all|pet_d","main_clean","all","pet_d","PLACEBO: pet"
-6,-0.0919748913379043,0.0242111646834518,"main_clean|all|pet_d","main_clean","all","pet_d","PLACEBO: pet"
-5,-0.0545391702822751,0.0230528939701839,"main_clean|all|pet_d","main_clean","all","pet_d","PLACEBO: pet"
-4,-0.0687077645719756,0.0218627470215559,"main_clean|all|pet_d","main_clean","all","pet_d","PLACEBO: pet"
-3,-0.0730173401747488,0.0209997702393328,"main_clean|all|pet_d","main_clean","all","pet_d","PLACEBO: pet"
-2,-0.042878280059387,0.020501128469031,"main_clean|all|pet_d","main_clean","all","pet_d","PLACEBO: pet"
-1,0,NA,"main_clean|all|pet_d","main_clean","all","pet_d","PLACEBO: pet"
0,-0.0037183964820024,0.0209308519526323,"main_clean|all|pet_d","main_clean","all","pet_d","PLACEBO: pet"
1,-0.013677496925776,0.0195304398704987,"main_clean|all|pet_d","main_clean","all","pet_d","PLACEBO: pet"
2,-0.0250683494929728,0.021771648015592,"main_clean|all|pet_d","main_clean","all","pet_d","PLACEBO: pet"
3,-0.020394055402021,0.022621583483155,"main_clean|all|pet_d","main_clean","all","pet_d","PLACEBO: pet"
4,-0.0284311361462345,0.022581030464699,"main_clean|all|pet_d","main_clean","all","pet_d","PLACEBO: pet"
5,-0.0279852343654231,0.0258064119034926,"main_clean|all|pet_d","main_clean","all","pet_d","PLACEBO: pet"
6,-0.0514653019862798,0.0264125229520725,"main_clean|all|pet_d","main_clean","all","pet_d","PLACEBO: pet"
7,-0.0561821833276281,0.0281458482670662,"main_clean|all|pet_d","main_clean","all","pet_d","PLACEBO: pet"
8,-0.0251602394768479,0.0304825879583552,"main_clean|all|pet_d","main_clean","all","pet_d","PLACEBO: pet"
-8,-0.0505590628641837,0.035792847727349,"main_clean|all|book_d","main_clean","all","book_d","PLACEBO: books"
-7,-0.0673103558772052,0.0309003157960673,"main_clean|all|book_d","main_clean","all","book_d","PLACEBO: books"
-6,-0.0441639346275366,0.0303418113729684,"main_clean|all|book_d","main_clean","all","book_d","PLACEBO: books"
-5,-0.0607140274657976,0.0293353799965867,"main_clean|all|book_d","main_clean","all","book_d","PLACEBO: books"
-4,-0.0420820002019103,0.0263039862883905,"main_clean|all|book_d","main_clean","all","book_d","PLACEBO: books"
-3,-0.0286183589436766,0.0256037382997948,"main_clean|all|book_d","main_clean","all","book_d","PLACEBO: books"
-2,-0.034955873495037,0.0263869137727855,"main_clean|all|book_d","main_clean","all","book_d","PLACEBO: books"
-1,0,NA,"main_clean|all|book_d","main_clean","all","book_d","PLACEBO: books"
0,0.0418524963164559,0.0261347465933473,"main_clean|all|book_d","main_clean","all","book_d","PLACEBO: books"
1,-0.00189957079778022,0.0261610099367079,"main_clean|all|book_d","main_clean","all","book_d","PLACEBO: books"
2,-0.02216411901078,0.0263205612839969,"main_clean|all|book_d","main_clean","all","book_d","PLACEBO: books"
3,0.0118280847194384,0.0279370070172776,"main_clean|all|book_d","main_clean","all","book_d","PLACEBO: books"
4,0.0194586382625195,0.0277925331170766,"main_clean|all|book_d","main_clean","all","book_d","PLACEBO: books"
5,-0.0121051537624083,0.0292274486994116,"main_clean|all|book_d","main_clean","all","book_d","PLACEBO: books"
6,-0.0316879933280333,0.0309017886011914,"main_clean|all|book_d","main_clean","all","book_d","PLACEBO: books"
7,-0.0641945509348693,0.0337033415727792,"main_clean|all|book_d","main_clean","all","book_d","PLACEBO: books"
8,0.024666189252455,0.0367615114365796,"main_clean|all|book_d","main_clean","all","book_d","PLACEBO: books"
-8,-0.00791973213553359,0.0268268666449733,"main_clean|all|giftcard_d","main_clean","all","giftcard_d","PLACEBO: gift cards"
-7,-0.0467890481352991,0.0223151654555331,"main_clean|all|giftcard_d","main_clean","all","giftcard_d","PLACEBO: gift cards"
-6,-0.00707381887493456,0.023080945294159,"main_clean|all|giftcard_d","main_clean","all","giftcard_d","PLACEBO: gift cards"
-5,-0.0247168826524433,0.0188057558715616,"main_clean|all|giftcard_d","main_clean","all","giftcard_d","PLACEBO: gift cards"
-4,-0.0109838502512833,0.0208089539893851,"main_clean|all|giftcard_d","main_clean","all","giftcard_d","PLACEBO: gift cards"
-3,-0.0310490858418805,0.0209181081397775,"main_clean|all|giftcard_d","main_clean","all","giftcard_d","PLACEBO: gift cards"
-2,0.0233031108711342,0.0212432175959286,"main_clean|all|giftcard_d","main_clean","all","giftcard_d","PLACEBO: gift cards"
-1,0,NA,"main_clean|all|giftcard_d","main_clean","all","giftcard_d","PLACEBO: gift cards"
0,0.0267592858672673,0.0207601198925296,"main_clean|all|giftcard_d","main_clean","all","giftcard_d","PLACEBO: gift cards"
1,0.0141975712641272,0.0212462809474128,"main_clean|all|giftcard_d","main_clean","all","giftcard_d","PLACEBO: gift cards"
2,-0.00533904147417485,0.0207285423267521,"main_clean|all|giftcard_d","main_clean","all","giftcard_d","PLACEBO: gift cards"
3,-0.0482946790562554,0.0171268113408322,"main_clean|all|giftcard_d","main_clean","all","giftcard_d","PLACEBO: gift cards"
4,-0.00374709417911958,0.0205694081156972,"main_clean|all|giftcard_d","main_clean","all","giftcard_d","PLACEBO: gift cards"
5,-0.0191743941417468,0.0214492055677376,"main_clean|all|giftcard_d","main_clean","all","giftcard_d","PLACEBO: gift cards"
6,-0.0261675701335526,0.0220965405322571,"main_clean|all|giftcard_d","main_clean","all","giftcard_d","PLACEBO: gift cards"
7,-0.0317565465185189,0.0227919905015888,"main_clean|all|giftcard_d","main_clean","all","giftcard_d","PLACEBO: gift cards"
8,-0.0330803446093128,0.0259381401231844,"main_clean|all|giftcard_d","main_clean","all","giftcard_d","PLACEBO: gift cards"
-8,-0.122806368380848,0.0337720367140767,"main_clean|all|cable_d","main_clean","all","cable_d","PLACEBO: cables/batteries"
-7,-0.0911579352410237,0.0303380768377066,"main_clean|all|cable_d","main_clean","all","cable_d","PLACEBO: cables/batteries"
-6,-0.0846139849569817,0.0304879345383142,"main_clean|all|cable_d","main_clean","all","cable_d","PLACEBO: cables/batteries"
-5,-0.0439434439512808,0.028154925411734,"main_clean|all|cable_d","main_clean","all","cable_d","PLACEBO: cables/batteries"
-4,-0.0431373456879151,0.0286835634810032,"main_clean|all|cable_d","main_clean","all","cable_d","PLACEBO: cables/batteries"
-3,-0.0222422419012312,0.0283570881261511,"main_clean|all|cable_d","main_clean","all","cable_d","PLACEBO: cables/batteries"
-2,0.00496703445784961,0.0289675181615479,"main_clean|all|cable_d","main_clean","all","cable_d","PLACEBO: cables/batteries"
-1,0,NA,"main_clean|all|cable_d","main_clean","all","cable_d","PLACEBO: cables/batteries"
0,0.0504167070404592,0.0298980838939879,"main_clean|all|cable_d","main_clean","all","cable_d","PLACEBO: cables/batteries"
1,-0.0157880127483162,0.0283419636929455,"main_clean|all|cable_d","main_clean","all","cable_d","PLACEBO: cables/batteries"
2,0.0190935550324184,0.0305299740200661,"main_clean|all|cable_d","main_clean","all","cable_d","PLACEBO: cables/batteries"
3,0.0187382200590205,0.0291168049645489,"main_clean|all|cable_d","main_clean","all","cable_d","PLACEBO: cables/batteries"
4,0.00659432457518423,0.0299465512291874,"main_clean|all|cable_d","main_clean","all","cable_d","PLACEBO: cables/batteries"
5,-0.0348991610635508,0.0294243785874445,"main_clean|all|cable_d","main_clean","all","cable_d","PLACEBO: cables/batteries"
6,0.0311194238861939,0.0313193631570577,"main_clean|all|cable_d","main_clean","all","cable_d","PLACEBO: cables/batteries"
7,-0.0224519891850607,0.0321327883739857,"main_clean|all|cable_d","main_clean","all","cable_d","PLACEBO: cables/batteries"
8,-0.0634369547090596,0.0358583415457861,"main_clean|all|cable_d","main_clean","all","cable_d","PLACEBO: cables/batteries"
-8,-0.00708350034756075,0.0233135821176339,"main_clean|all|cleaning_d","main_clean","all","cleaning_d","PLACEBO: cleaning"
-7,-0.0509282175557706,0.0226506480771645,"main_clean|all|cleaning_d","main_clean","all","cleaning_d","PLACEBO: cleaning"
-6,-0.0102933205757265,0.0229957310875095,"main_clean|all|cleaning_d","main_clean","all","cleaning_d","PLACEBO: cleaning"
-5,-0.0523970299579326,0.0205780916862777,"main_clean|all|cleaning_d","main_clean","all","cleaning_d","PLACEBO: cleaning"
-4,-0.0309101494439108,0.0202958797560957,"main_clean|all|cleaning_d","main_clean","all","cleaning_d","PLACEBO: cleaning"
-3,-0.0334663253106264,0.0188863616903771,"main_clean|all|cleaning_d","main_clean","all","cleaning_d","PLACEBO: cleaning"
-2,-0.019094675904507,0.0192362228459845,"main_clean|all|cleaning_d","main_clean","all","cleaning_d","PLACEBO: cleaning"
-1,0,NA,"main_clean|all|cleaning_d","main_clean","all","cleaning_d","PLACEBO: cleaning"
0,-0.0137148894257128,0.0211199690291269,"main_clean|all|cleaning_d","main_clean","all","cleaning_d","PLACEBO: cleaning"
1,-0.00256887671959296,0.0217329916186814,"main_clean|all|cleaning_d","main_clean","all","cleaning_d","PLACEBO: cleaning"
2,0.00334451222343862,0.0207683110282832,"main_clean|all|cleaning_d","main_clean","all","cleaning_d","PLACEBO: cleaning"
3,0.017137235252074,0.0219165100317304,"main_clean|all|cleaning_d","main_clean","all","cleaning_d","PLACEBO: cleaning"
4,-0.0173897674804076,0.0215860812430623,"main_clean|all|cleaning_d","main_clean","all","cleaning_d","PLACEBO: cleaning"
5,-0.0174532075911997,0.0225759258497623,"main_clean|all|cleaning_d","main_clean","all","cleaning_d","PLACEBO: cleaning"
6,-0.00296777528014308,0.0226190623268792,"main_clean|all|cleaning_d","main_clean","all","cleaning_d","PLACEBO: cleaning"
7,0.0196691543877404,0.0266071844428569,"main_clean|all|cleaning_d","main_clean","all","cleaning_d","PLACEBO: cleaning"
8,-0.0107183085941111,0.0277242536719877,"main_clean|all|cleaning_d","main_clean","all","cleaning_d","PLACEBO: cleaning"
-8,-0.0142818708873946,0.0272674802900746,"main_clean|all|grocery_d","main_clean","all","grocery_d","PLACEBO: grocery/food"
-7,0.0266654261337484,0.0245340018469898,"main_clean|all|grocery_d","main_clean","all","grocery_d","PLACEBO: grocery/food"
-6,0.0133993248793219,0.0219681453727806,"main_clean|all|grocery_d","main_clean","all","grocery_d","PLACEBO: grocery/food"
-5,0.0345279847856909,0.0214693066074419,"main_clean|all|grocery_d","main_clean","all","grocery_d","PLACEBO: grocery/food"
-4,0.0317733601635859,0.0211044723594029,"main_clean|all|grocery_d","main_clean","all","grocery_d","PLACEBO: grocery/food"
-3,0.0178427737007977,0.0193202625069904,"main_clean|all|grocery_d","main_clean","all","grocery_d","PLACEBO: grocery/food"
-2,0.0171849128290687,0.0181747823879198,"main_clean|all|grocery_d","main_clean","all","grocery_d","PLACEBO: grocery/food"
-1,0,NA,"main_clean|all|grocery_d","main_clean","all","grocery_d","PLACEBO: grocery/food"
0,0.0310719908222043,0.019519683204993,"main_clean|all|grocery_d","main_clean","all","grocery_d","PLACEBO: grocery/food"
1,0.0350763844844095,0.0208168947636046,"main_clean|all|grocery_d","main_clean","all","grocery_d","PLACEBO: grocery/food"
2,0.0238338113333818,0.0215630275207976,"main_clean|all|grocery_d","main_clean","all","grocery_d","PLACEBO: grocery/food"
3,0.0301677273671406,0.0213921149714546,"main_clean|all|grocery_d","main_clean","all","grocery_d","PLACEBO: grocery/food"
4,0.0352182680966002,0.0219969468325546,"main_clean|all|grocery_d","main_clean","all","grocery_d","PLACEBO: grocery/food"
5,0.0565417583945539,0.0243083412256328,"main_clean|all|grocery_d","main_clean","all","grocery_d","PLACEBO: grocery/food"
6,0.0232219267979252,0.0232628588127911,"main_clean|all|grocery_d","main_clean","all","grocery_d","PLACEBO: grocery/food"
7,0.00958268847323728,0.0264764287184441,"main_clean|all|grocery_d","main_clean","all","grocery_d","PLACEBO: grocery/food"
8,0.0460105396349544,0.0285213616126397,"main_clean|all|grocery_d","main_clean","all","grocery_d","PLACEBO: grocery/food"
-8,0.162539809862258,0.130390780155299,"main_clean|all|ln_shoe_price","main_clean","all","ln_shoe_price","PLACEBO: ln shoe price (cond.)"
-7,0.132219932550072,0.109480214955665,"main_clean|all|ln_shoe_price","main_clean","all","ln_shoe_price","PLACEBO: ln shoe price (cond.)"
-6,0.124669972145047,0.106518814583197,"main_clean|all|ln_shoe_price","main_clean","all","ln_shoe_price","PLACEBO: ln shoe price (cond.)"
-5,-0.0702467307683403,0.0945550139932861,"main_clean|all|ln_shoe_price","main_clean","all","ln_shoe_price","PLACEBO: ln shoe price (cond.)"
-4,-0.0878275340854647,0.101932652206695,"main_clean|all|ln_shoe_price","main_clean","all","ln_shoe_price","PLACEBO: ln shoe price (cond.)"
-3,-0.0273296333128891,0.0989234386654887,"main_clean|all|ln_shoe_price","main_clean","all","ln_shoe_price","PLACEBO: ln shoe price (cond.)"
-2,-0.183520230368602,0.118794871686209,"main_clean|all|ln_shoe_price","main_clean","all","ln_shoe_price","PLACEBO: ln shoe price (cond.)"
-1,0,NA,"main_clean|all|ln_shoe_price","main_clean","all","ln_shoe_price","PLACEBO: ln shoe price (cond.)"
0,-0.0458053898215716,0.0934798677274293,"main_clean|all|ln_shoe_price","main_clean","all","ln_shoe_price","PLACEBO: ln shoe price (cond.)"
1,-0.0598552953713435,0.0915666765203524,"main_clean|all|ln_shoe_price","main_clean","all","ln_shoe_price","PLACEBO: ln shoe price (cond.)"
2,-0.0112887347325067,0.0932302827733275,"main_clean|all|ln_shoe_price","main_clean","all","ln_shoe_price","PLACEBO: ln shoe price (cond.)"
3,-0.00254713256474525,0.0993377889509697,"main_clean|all|ln_shoe_price","main_clean","all","ln_shoe_price","PLACEBO: ln shoe price (cond.)"
4,-0.138688089900033,0.0998691055263399,"main_clean|all|ln_shoe_price","main_clean","all","ln_shoe_price","PLACEBO: ln shoe price (cond.)"
5,0.251247475620964,0.104221481375648,"main_clean|all|ln_shoe_price","main_clean","all","ln_shoe_price","PLACEBO: ln shoe price (cond.)"
6,0.0916276889989882,0.0960488961058221,"main_clean|all|ln_shoe_price","main_clean","all","ln_shoe_price","PLACEBO: ln shoe price (cond.)"
7,0.11044956078724,0.109290766061813,"main_clean|all|ln_shoe_price","main_clean","all","ln_shoe_price","PLACEBO: ln shoe price (cond.)"
8,-0.156200982780506,0.121284141100518,"main_clean|all|ln_shoe_price","main_clean","all","ln_shoe_price","PLACEBO: ln shoe price (cond.)"
-8,-0.33555622283121,0.0678024488284052,"main_clean|all|ln_n","main_clean","all","ln_n","General: ln(1+#purchases)"
-7,-0.340696910385175,0.062804400922503,"main_clean|all|ln_n","main_clean","all","ln_n","General: ln(1+#purchases)"
-6,-0.311144791882248,0.0561477564799933,"main_clean|all|ln_n","main_clean","all","ln_n","General: ln(1+#purchases)"
-5,-0.197186747388137,0.0475945338122007,"main_clean|all|ln_n","main_clean","all","ln_n","General: ln(1+#purchases)"
-4,-0.213850102070731,0.0467441763954648,"main_clean|all|ln_n","main_clean","all","ln_n","General: ln(1+#purchases)"
-3,-0.173723559466947,0.0431527533395008,"main_clean|all|ln_n","main_clean","all","ln_n","General: ln(1+#purchases)"
-2,-0.151905401302719,0.0417341169683944,"main_clean|all|ln_n","main_clean","all","ln_n","General: ln(1+#purchases)"
-1,0,NA,"main_clean|all|ln_n","main_clean","all","ln_n","General: ln(1+#purchases)"
0,0.198291379146129,0.033732959800767,"main_clean|all|ln_n","main_clean","all","ln_n","General: ln(1+#purchases)"
1,0.00783430045443546,0.0369879479303151,"main_clean|all|ln_n","main_clean","all","ln_n","General: ln(1+#purchases)"
2,-0.0410351586176518,0.0409057689930683,"main_clean|all|ln_n","main_clean","all","ln_n","General: ln(1+#purchases)"
3,-0.0531958680824604,0.0413214305748848,"main_clean|all|ln_n","main_clean","all","ln_n","General: ln(1+#purchases)"
4,-0.0833304617089786,0.0447890061402081,"main_clean|all|ln_n","main_clean","all","ln_n","General: ln(1+#purchases)"
5,-0.160885014675379,0.0498088702557868,"main_clean|all|ln_n","main_clean","all","ln_n","General: ln(1+#purchases)"
6,-0.185539390645861,0.0550250749913881,"main_clean|all|ln_n","main_clean","all","ln_n","General: ln(1+#purchases)"
7,-0.217562449066818,0.0569486749587345,"main_clean|all|ln_n","main_clean","all","ln_n","General: ln(1+#purchases)"
8,-0.246296204392831,0.0675933629180228,"main_clean|all|ln_n","main_clean","all","ln_n","General: ln(1+#purchases)"
-8,-0.505808143688644,0.117219168484928,"main_clean|all|ln_spend","main_clean","all","ln_spend","General: ln(1+spend)"
-7,-0.498341793395002,0.107677873022611,"main_clean|all|ln_spend","main_clean","all","ln_spend","General: ln(1+spend)"
-6,-0.465599576281511,0.0970731034513787,"main_clean|all|ln_spend","main_clean","all","ln_spend","General: ln(1+spend)"
-5,-0.287337108455041,0.0803107331220299,"main_clean|all|ln_spend","main_clean","all","ln_spend","General: ln(1+spend)"
-4,-0.367851781426385,0.0807551579526603,"main_clean|all|ln_spend","main_clean","all","ln_spend","General: ln(1+spend)"
-3,-0.270890380849282,0.0780775145398183,"main_clean|all|ln_spend","main_clean","all","ln_spend","General: ln(1+spend)"
-2,-0.231963944797607,0.0770330652954931,"main_clean|all|ln_spend","main_clean","all","ln_spend","General: ln(1+spend)"
-1,0,NA,"main_clean|all|ln_spend","main_clean","all","ln_spend","General: ln(1+spend)"
0,0.540468011338688,0.0553349341571551,"main_clean|all|ln_spend","main_clean","all","ln_spend","General: ln(1+spend)"
1,0.0163596991596587,0.0613106913852567,"main_clean|all|ln_spend","main_clean","all","ln_spend","General: ln(1+spend)"
2,-0.0664711376043164,0.0682503059523604,"main_clean|all|ln_spend","main_clean","all","ln_spend","General: ln(1+spend)"
3,-0.110375117062874,0.0680575983149373,"main_clean|all|ln_spend","main_clean","all","ln_spend","General: ln(1+spend)"
4,-0.156569665410097,0.0681217831958655,"main_clean|all|ln_spend","main_clean","all","ln_spend","General: ln(1+spend)"
5,-0.344768551459628,0.0768186895699662,"main_clean|all|ln_spend","main_clean","all","ln_spend","General: ln(1+spend)"
6,-0.320037683787474,0.0837017203561441,"main_clean|all|ln_spend","main_clean","all","ln_spend","General: ln(1+spend)"
7,-0.397979071921933,0.086898711505545,"main_clean|all|ln_spend","main_clean","all","ln_spend","General: ln(1+spend)"
8,-0.442315728691427,0.0929454569464537,"main_clean|all|ln_spend","main_clean","all","ln_spend","General: ln(1+spend)"
-8,0.00299141338380235,0.0834668192628849,"bundle_g|bundlers|run_shoe_x","bundle_g","bundlers","run_shoe_x","Running shoe (ex-bundle)"
-7,-0.117312507509881,0.0651153022995263,"bundle_g|bundlers|run_shoe_x","bundle_g","bundlers","run_shoe_x","Running shoe (ex-bundle)"
-6,0.0391851539484926,0.0636702323183611,"bundle_g|bundlers|run_shoe_x","bundle_g","bundlers","run_shoe_x","Running shoe (ex-bundle)"
-5,-0.0338471584984924,0.0795579616020788,"bundle_g|bundlers|run_shoe_x","bundle_g","bundlers","run_shoe_x","Running shoe (ex-bundle)"
-4,-0.0647676769348933,0.0455470000720151,"bundle_g|bundlers|run_shoe_x","bundle_g","bundlers","run_shoe_x","Running shoe (ex-bundle)"
-3,-0.0320158387051758,0.0744072477502551,"bundle_g|bundlers|run_shoe_x","bundle_g","bundlers","run_shoe_x","Running shoe (ex-bundle)"
-2,-0.0327988649323256,0.0744151771263972,"bundle_g|bundlers|run_shoe_x","bundle_g","bundlers","run_shoe_x","Running shoe (ex-bundle)"
-1,0,NA,"bundle_g|bundlers|run_shoe_x","bundle_g","bundlers","run_shoe_x","Running shoe (ex-bundle)"
0,-0.133638180976796,0.0622455812886243,"bundle_g|bundlers|run_shoe_x","bundle_g","bundlers","run_shoe_x","Running shoe (ex-bundle)"
1,-0.0343024591368438,0.0575260443028445,"bundle_g|bundlers|run_shoe_x","bundle_g","bundlers","run_shoe_x","Running shoe (ex-bundle)"
2,-0.00152102225390966,0.0667512779341968,"bundle_g|bundlers|run_shoe_x","bundle_g","bundlers","run_shoe_x","Running shoe (ex-bundle)"
3,0.0308911073118232,0.0742991746513381,"bundle_g|bundlers|run_shoe_x","bundle_g","bundlers","run_shoe_x","Running shoe (ex-bundle)"
4,-0.037028993579174,0.0573671463099947,"bundle_g|bundlers|run_shoe_x","bundle_g","bundlers","run_shoe_x","Running shoe (ex-bundle)"
5,0.0624637080188618,0.0936973024741523,"bundle_g|bundlers|run_shoe_x","bundle_g","bundlers","run_shoe_x","Running shoe (ex-bundle)"
6,-0.0404953573558456,0.0799582400477817,"bundle_g|bundlers|run_shoe_x","bundle_g","bundlers","run_shoe_x","Running shoe (ex-bundle)"
7,0.0710592447468047,0.09280158132048,"bundle_g|bundlers|run_shoe_x","bundle_g","bundlers","run_shoe_x","Running shoe (ex-bundle)"
8,-0.0945627222162279,0.0850730167621187,"bundle_g|bundlers|run_shoe_x","bundle_g","bundlers","run_shoe_x","Running shoe (ex-bundle)"
-8,-0.0990195338068958,0.122459680382983,"bundle_g|bundlers|run_any_x","bundle_g","bundlers","run_any_x","Running-related (ex-bundle)"
-7,-0.0949174691211064,0.118118839492845,"bundle_g|bundlers|run_any_x","bundle_g","bundlers","run_any_x","Running-related (ex-bundle)"
-6,-0.0529691582998591,0.103671899052014,"bundle_g|bundlers|run_any_x","bundle_g","bundlers","run_any_x","Running-related (ex-bundle)"
-5,-0.124832619486367,0.109981476291937,"bundle_g|bundlers|run_any_x","bundle_g","bundlers","run_any_x","Running-related (ex-bundle)"
-4,-0.219113659528813,0.0773803772079294,"bundle_g|bundlers|run_any_x","bundle_g","bundlers","run_any_x","Running-related (ex-bundle)"
-3,-0.0895157055396052,0.0985512186552037,"bundle_g|bundlers|run_any_x","bundle_g","bundlers","run_any_x","Running-related (ex-bundle)"
-2,-0.16137969920497,0.0952102083689293,"bundle_g|bundlers|run_any_x","bundle_g","bundlers","run_any_x","Running-related (ex-bundle)"
-1,0,NA,"bundle_g|bundlers|run_any_x","bundle_g","bundlers","run_any_x","Running-related (ex-bundle)"
0,-0.370246119681762,0.0874066229886578,"bundle_g|bundlers|run_any_x","bundle_g","bundlers","run_any_x","Running-related (ex-bundle)"
1,-0.0746741412741617,0.104329871655972,"bundle_g|bundlers|run_any_x","bundle_g","bundlers","run_any_x","Running-related (ex-bundle)"
2,-0.111508586689003,0.0982955781436146,"bundle_g|bundlers|run_any_x","bundle_g","bundlers","run_any_x","Running-related (ex-bundle)"
3,-0.14894584170735,0.121808343466604,"bundle_g|bundlers|run_any_x","bundle_g","bundlers","run_any_x","Running-related (ex-bundle)"
4,-0.0846866579703252,0.0930759600162816,"bundle_g|bundlers|run_any_x","bundle_g","bundlers","run_any_x","Running-related (ex-bundle)"
5,-0.0862527494831599,0.0935292768020724,"bundle_g|bundlers|run_any_x","bundle_g","bundlers","run_any_x","Running-related (ex-bundle)"
6,-0.182491707852408,0.133779956161059,"bundle_g|bundlers|run_any_x","bundle_g","bundlers","run_any_x","Running-related (ex-bundle)"
7,0.0508177655968806,0.12207888235228,"bundle_g|bundlers|run_any_x","bundle_g","bundlers","run_any_x","Running-related (ex-bundle)"
8,-0.267753907279753,0.138080387653019,"bundle_g|bundlers|run_any_x","bundle_g","bundlers","run_any_x","Running-related (ex-bundle)"
-8,-0.198353575411104,0.0826180971619824,"bundle_g|bundlers|fit_gear_d","bundle_g","bundlers","fit_gear_d","Fitness gear"
-7,-0.189653522340251,0.11285535188328,"bundle_g|bundlers|fit_gear_d","bundle_g","bundlers","fit_gear_d","Fitness gear"
-6,-0.10249136331974,0.108814204195866,"bundle_g|bundlers|fit_gear_d","bundle_g","bundlers","fit_gear_d","Fitness gear"
-5,-0.242359312345621,0.0817123924542738,"bundle_g|bundlers|fit_gear_d","bundle_g","bundlers","fit_gear_d","Fitness gear"
-4,-0.194637161992924,0.0870128541348953,"bundle_g|bundlers|fit_gear_d","bundle_g","bundlers","fit_gear_d","Fitness gear"
-3,-0.296001517240395,0.0837023072722934,"bundle_g|bundlers|fit_gear_d","bundle_g","bundlers","fit_gear_d","Fitness gear"
-2,-0.164115657603105,0.0826216693010017,"bundle_g|bundlers|fit_gear_d","bundle_g","bundlers","fit_gear_d","Fitness gear"
-1,0,NA,"bundle_g|bundlers|fit_gear_d","bundle_g","bundlers","fit_gear_d","Fitness gear"
0,-0.101520367724251,0.0719015648380942,"bundle_g|bundlers|fit_gear_d","bundle_g","bundlers","fit_gear_d","Fitness gear"
1,-0.137550425675609,0.0776287595010007,"bundle_g|bundlers|fit_gear_d","bundle_g","bundlers","fit_gear_d","Fitness gear"
2,-0.104508564296087,0.0978552288336762,"bundle_g|bundlers|fit_gear_d","bundle_g","bundlers","fit_gear_d","Fitness gear"
3,-0.173256863441791,0.095378448779495,"bundle_g|bundlers|fit_gear_d","bundle_g","bundlers","fit_gear_d","Fitness gear"
4,-0.0733459620996594,0.10447466677712,"bundle_g|bundlers|fit_gear_d","bundle_g","bundlers","fit_gear_d","Fitness gear"
5,-0.241167323650587,0.0773280996539947,"bundle_g|bundlers|fit_gear_d","bundle_g","bundlers","fit_gear_d","Fitness gear"
6,-0.168795636445493,0.0922291224897745,"bundle_g|bundlers|fit_gear_d","bundle_g","bundlers","fit_gear_d","Fitness gear"
7,-0.163134869887876,0.0887909986365353,"bundle_g|bundlers|fit_gear_d","bundle_g","bundlers","fit_gear_d","Fitness gear"
8,-0.18260887666363,0.116822536909857,"bundle_g|bundlers|fit_gear_d","bundle_g","bundlers","fit_gear_d","Fitness gear"
-8,-0.170277078228863,0.101823933251716,"bundle_g|bundlers|supp_d","bundle_g","bundlers","supp_d","Supplements"
-7,-0.0839594305322967,0.102637138382375,"bundle_g|bundlers|supp_d","bundle_g","bundlers","supp_d","Supplements"
-6,-0.118984974313337,0.113587101885777,"bundle_g|bundlers|supp_d","bundle_g","bundlers","supp_d","Supplements"
-5,-0.117749951335781,0.0837309164058298,"bundle_g|bundlers|supp_d","bundle_g","bundlers","supp_d","Supplements"
-4,-0.182794948573127,0.0733318168940782,"bundle_g|bundlers|supp_d","bundle_g","bundlers","supp_d","Supplements"
-3,-0.0541424708798201,0.0650382695255437,"bundle_g|bundlers|supp_d","bundle_g","bundlers","supp_d","Supplements"
-2,0.0393800898690202,0.0994246722393738,"bundle_g|bundlers|supp_d","bundle_g","bundlers","supp_d","Supplements"
-1,0,NA,"bundle_g|bundlers|supp_d","bundle_g","bundlers","supp_d","Supplements"
0,-0.00568484496444395,0.0816031213946658,"bundle_g|bundlers|supp_d","bundle_g","bundlers","supp_d","Supplements"
1,0.0565878479569772,0.0932310940734972,"bundle_g|bundlers|supp_d","bundle_g","bundlers","supp_d","Supplements"
2,0.0188426235719467,0.0747832962162228,"bundle_g|bundlers|supp_d","bundle_g","bundlers","supp_d","Supplements"
3,-0.0855532520028208,0.104894452259776,"bundle_g|bundlers|supp_d","bundle_g","bundlers","supp_d","Supplements"
4,0.00998006808371995,0.100257828724443,"bundle_g|bundlers|supp_d","bundle_g","bundlers","supp_d","Supplements"
5,0.00711743582392223,0.0885350664881552,"bundle_g|bundlers|supp_d","bundle_g","bundlers","supp_d","Supplements"
6,-0.155649652855565,0.0881958015177391,"bundle_g|bundlers|supp_d","bundle_g","bundlers","supp_d","Supplements"
7,-0.0727739030758094,0.116497214544775,"bundle_g|bundlers|supp_d","bundle_g","bundlers","supp_d","Supplements"
8,0.00142160738338046,0.130491808565484,"bundle_g|bundlers|supp_d","bundle_g","bundlers","supp_d","Supplements"
-8,-0.018613858940114,0.0142057106220289,"bundle_g|nonbundlers|run_shoe_x","bundle_g","nonbundlers","run_shoe_x","Running shoe (ex-bundle)"
-7,-0.0342319655339871,0.0113904737816489,"bundle_g|nonbundlers|run_shoe_x","bundle_g","nonbundlers","run_shoe_x","Running shoe (ex-bundle)"
-6,-0.0201913902316683,0.0116391205610625,"bundle_g|nonbundlers|run_shoe_x","bundle_g","nonbundlers","run_shoe_x","Running shoe (ex-bundle)"
-5,-0.0154607522231767,0.0114688209131623,"bundle_g|nonbundlers|run_shoe_x","bundle_g","nonbundlers","run_shoe_x","Running shoe (ex-bundle)"
-4,-0.0242179539283756,0.0104196527318156,"bundle_g|nonbundlers|run_shoe_x","bundle_g","nonbundlers","run_shoe_x","Running shoe (ex-bundle)"
-3,-0.00282838030164044,0.0114099901160832,"bundle_g|nonbundlers|run_shoe_x","bundle_g","nonbundlers","run_shoe_x","Running shoe (ex-bundle)"
-2,-0.027789561304485,0.0102371153255231,"bundle_g|nonbundlers|run_shoe_x","bundle_g","nonbundlers","run_shoe_x","Running shoe (ex-bundle)"
-1,0,NA,"bundle_g|nonbundlers|run_shoe_x","bundle_g","nonbundlers","run_shoe_x","Running shoe (ex-bundle)"
0,-0.0463598441750224,0.00976997218554081,"bundle_g|nonbundlers|run_shoe_x","bundle_g","nonbundlers","run_shoe_x","Running shoe (ex-bundle)"
1,-0.023388907424449,0.0113814474438025,"bundle_g|nonbundlers|run_shoe_x","bundle_g","nonbundlers","run_shoe_x","Running shoe (ex-bundle)"
2,-0.00576581690016818,0.0120032792233108,"bundle_g|nonbundlers|run_shoe_x","bundle_g","nonbundlers","run_shoe_x","Running shoe (ex-bundle)"
3,-0.0249230839031344,0.0110839060573826,"bundle_g|nonbundlers|run_shoe_x","bundle_g","nonbundlers","run_shoe_x","Running shoe (ex-bundle)"
4,-0.0126927379736637,0.0109631195644184,"bundle_g|nonbundlers|run_shoe_x","bundle_g","nonbundlers","run_shoe_x","Running shoe (ex-bundle)"
5,-0.0201351491678323,0.0121363996186719,"bundle_g|nonbundlers|run_shoe_x","bundle_g","nonbundlers","run_shoe_x","Running shoe (ex-bundle)"
6,-0.0108586241297219,0.0127213714314556,"bundle_g|nonbundlers|run_shoe_x","bundle_g","nonbundlers","run_shoe_x","Running shoe (ex-bundle)"
7,-0.000953177566240212,0.0138548858473392,"bundle_g|nonbundlers|run_shoe_x","bundle_g","nonbundlers","run_shoe_x","Running shoe (ex-bundle)"
8,-0.0119413035842779,0.0128952653163384,"bundle_g|nonbundlers|run_shoe_x","bundle_g","nonbundlers","run_shoe_x","Running shoe (ex-bundle)"
-8,-0.0326104338712131,0.0270858979630188,"bundle_g|nonbundlers|run_any_x","bundle_g","nonbundlers","run_any_x","Running-related (ex-bundle)"
-7,-0.0932569397858857,0.022783588263596,"bundle_g|nonbundlers|run_any_x","bundle_g","nonbundlers","run_any_x","Running-related (ex-bundle)"
-6,-0.0386845298092332,0.0230788785995243,"bundle_g|nonbundlers|run_any_x","bundle_g","nonbundlers","run_any_x","Running-related (ex-bundle)"
-5,-0.067291123327548,0.0200294185521856,"bundle_g|nonbundlers|run_any_x","bundle_g","nonbundlers","run_any_x","Running-related (ex-bundle)"
-4,-0.0658401932380925,0.0195475759897292,"bundle_g|nonbundlers|run_any_x","bundle_g","nonbundlers","run_any_x","Running-related (ex-bundle)"
-3,-0.0493750200926935,0.0193216789422654,"bundle_g|nonbundlers|run_any_x","bundle_g","nonbundlers","run_any_x","Running-related (ex-bundle)"
-2,-0.0574752479667959,0.0201261448434952,"bundle_g|nonbundlers|run_any_x","bundle_g","nonbundlers","run_any_x","Running-related (ex-bundle)"
-1,0,NA,"bundle_g|nonbundlers|run_any_x","bundle_g","nonbundlers","run_any_x","Running-related (ex-bundle)"
0,-0.151911261461844,0.0179750343779121,"bundle_g|nonbundlers|run_any_x","bundle_g","nonbundlers","run_any_x","Running-related (ex-bundle)"
1,-0.0094586964318907,0.0209341541753444,"bundle_g|nonbundlers|run_any_x","bundle_g","nonbundlers","run_any_x","Running-related (ex-bundle)"
2,0.00265211499650647,0.0217353680938794,"bundle_g|nonbundlers|run_any_x","bundle_g","nonbundlers","run_any_x","Running-related (ex-bundle)"
3,-0.0184285412279348,0.0207591310501271,"bundle_g|nonbundlers|run_any_x","bundle_g","nonbundlers","run_any_x","Running-related (ex-bundle)"
4,-0.0217121172490713,0.0206524580991799,"bundle_g|nonbundlers|run_any_x","bundle_g","nonbundlers","run_any_x","Running-related (ex-bundle)"
5,-0.0423075590812185,0.022714494392213,"bundle_g|nonbundlers|run_any_x","bundle_g","nonbundlers","run_any_x","Running-related (ex-bundle)"
6,-0.0237609027788569,0.0240138504156529,"bundle_g|nonbundlers|run_any_x","bundle_g","nonbundlers","run_any_x","Running-related (ex-bundle)"
7,-0.00645919109141982,0.0246116252947008,"bundle_g|nonbundlers|run_any_x","bundle_g","nonbundlers","run_any_x","Running-related (ex-bundle)"
8,-0.00473554089761093,0.0266981639615651,"bundle_g|nonbundlers|run_any_x","bundle_g","nonbundlers","run_any_x","Running-related (ex-bundle)"
-8,-0.0265109202165018,0.0227128263005131,"bundle_g|nonbundlers|fit_gear_d","bundle_g","nonbundlers","fit_gear_d","Fitness gear"
-7,-0.0489345234814995,0.0187706103427191,"bundle_g|nonbundlers|fit_gear_d","bundle_g","nonbundlers","fit_gear_d","Fitness gear"
-6,-0.0236441199633314,0.01843954677404,"bundle_g|nonbundlers|fit_gear_d","bundle_g","nonbundlers","fit_gear_d","Fitness gear"
-5,-0.0151396304639791,0.0182321268978382,"bundle_g|nonbundlers|fit_gear_d","bundle_g","nonbundlers","fit_gear_d","Fitness gear"
-4,-0.0238024640914885,0.0171366359653605,"bundle_g|nonbundlers|fit_gear_d","bundle_g","nonbundlers","fit_gear_d","Fitness gear"
-3,-0.0205913403426904,0.0178288689974821,"bundle_g|nonbundlers|fit_gear_d","bundle_g","nonbundlers","fit_gear_d","Fitness gear"
-2,-0.010628063221877,0.017946796818614,"bundle_g|nonbundlers|fit_gear_d","bundle_g","nonbundlers","fit_gear_d","Fitness gear"
-1,0,NA,"bundle_g|nonbundlers|fit_gear_d","bundle_g","nonbundlers","fit_gear_d","Fitness gear"
0,0.000574040682812393,0.0184959628255868,"bundle_g|nonbundlers|fit_gear_d","bundle_g","nonbundlers","fit_gear_d","Fitness gear"
1,-0.0118351367572662,0.0168433657143345,"bundle_g|nonbundlers|fit_gear_d","bundle_g","nonbundlers","fit_gear_d","Fitness gear"
2,-0.0161952051247066,0.0175416394928163,"bundle_g|nonbundlers|fit_gear_d","bundle_g","nonbundlers","fit_gear_d","Fitness gear"
3,-0.0207890780731974,0.0175833793846529,"bundle_g|nonbundlers|fit_gear_d","bundle_g","nonbundlers","fit_gear_d","Fitness gear"
4,-0.000934825507157015,0.0194381051364679,"bundle_g|nonbundlers|fit_gear_d","bundle_g","nonbundlers","fit_gear_d","Fitness gear"
5,-0.0257995905016803,0.0178936646302794,"bundle_g|nonbundlers|fit_gear_d","bundle_g","nonbundlers","fit_gear_d","Fitness gear"
6,-0.00592637223369173,0.0193900865508535,"bundle_g|nonbundlers|fit_gear_d","bundle_g","nonbundlers","fit_gear_d","Fitness gear"
7,-0.00424851306176483,0.0220460653157747,"bundle_g|nonbundlers|fit_gear_d","bundle_g","nonbundlers","fit_gear_d","Fitness gear"
8,-0.00752017006352754,0.0215917286449786,"bundle_g|nonbundlers|fit_gear_d","bundle_g","nonbundlers","fit_gear_d","Fitness gear"
-8,-0.075456156916633,0.0271268138841849,"bundle_g|nonbundlers|supp_d","bundle_g","nonbundlers","supp_d","Supplements"
-7,-0.0573477951582181,0.0249024128155421,"bundle_g|nonbundlers|supp_d","bundle_g","nonbundlers","supp_d","Supplements"
-6,-0.0739522070755801,0.0234601345906603,"bundle_g|nonbundlers|supp_d","bundle_g","nonbundlers","supp_d","Supplements"
-5,-0.0266251463588141,0.0227674955068378,"bundle_g|nonbundlers|supp_d","bundle_g","nonbundlers","supp_d","Supplements"
-4,-0.0249848870037619,0.0212159784085328,"bundle_g|nonbundlers|supp_d","bundle_g","nonbundlers","supp_d","Supplements"
-3,-0.0294611197254725,0.0212345305019596,"bundle_g|nonbundlers|supp_d","bundle_g","nonbundlers","supp_d","Supplements"
-2,-0.0101566397262234,0.020452118343791,"bundle_g|nonbundlers|supp_d","bundle_g","nonbundlers","supp_d","Supplements"
-1,0,NA,"bundle_g|nonbundlers|supp_d","bundle_g","nonbundlers","supp_d","Supplements"
0,0.0274655898159601,0.0204592067000158,"bundle_g|nonbundlers|supp_d","bundle_g","nonbundlers","supp_d","Supplements"
1,0.0378963452661002,0.020718545717364,"bundle_g|nonbundlers|supp_d","bundle_g","nonbundlers","supp_d","Supplements"
2,0.0313316780626901,0.0214094521985284,"bundle_g|nonbundlers|supp_d","bundle_g","nonbundlers","supp_d","Supplements"
3,0.0254983189140374,0.0215718694674771,"bundle_g|nonbundlers|supp_d","bundle_g","nonbundlers","supp_d","Supplements"
4,0.0207342815387619,0.0219376065079372,"bundle_g|nonbundlers|supp_d","bundle_g","nonbundlers","supp_d","Supplements"
5,0.00605773215018599,0.0242588935392868,"bundle_g|nonbundlers|supp_d","bundle_g","nonbundlers","supp_d","Supplements"
6,0.00528669116247897,0.0249551724709028,"bundle_g|nonbundlers|supp_d","bundle_g","nonbundlers","supp_d","Supplements"
7,0.0511292303323386,0.0275568407927344,"bundle_g|nonbundlers|supp_d","bundle_g","nonbundlers","supp_d","Supplements"
8,0.0147637222426554,0.0302867975174366,"bundle_g|nonbundlers|supp_d","bundle_g","nonbundlers","supp_d","Supplements"
-8,0.00305780113569339,0.100044485628795,"bundle_g_clean|bundlers|run_shoe_x","bundle_g_clean","bundlers","run_shoe_x","Running shoe (ex-bundle)"
-7,-0.0448794762871445,0.046502589329367,"bundle_g_clean|bundlers|run_shoe_x","bundle_g_clean","bundlers","run_shoe_x","Running shoe (ex-bundle)"
-6,0.0930639451816582,0.089144310521579,"bundle_g_clean|bundlers|run_shoe_x","bundle_g_clean","bundlers","run_shoe_x","Running shoe (ex-bundle)"
-5,-0.0414114466304465,0.0747240310050327,"bundle_g_clean|bundlers|run_shoe_x","bundle_g_clean","bundlers","run_shoe_x","Running shoe (ex-bundle)"
-4,-0.0395839364274555,0.0407040999623921,"bundle_g_clean|bundlers|run_shoe_x","bundle_g_clean","bundlers","run_shoe_x","Running shoe (ex-bundle)"
-3,0.00142000333170431,0.083447921645527,"bundle_g_clean|bundlers|run_shoe_x","bundle_g_clean","bundlers","run_shoe_x","Running shoe (ex-bundle)"
-2,0.000421711986472184,0.0592389476039208,"bundle_g_clean|bundlers|run_shoe_x","bundle_g_clean","bundlers","run_shoe_x","Running shoe (ex-bundle)"
-1,0,NA,"bundle_g_clean|bundlers|run_shoe_x","bundle_g_clean","bundlers","run_shoe_x","Running shoe (ex-bundle)"
0,-0.125158557024916,0.0675189104537583,"bundle_g_clean|bundlers|run_shoe_x","bundle_g_clean","bundlers","run_shoe_x","Running shoe (ex-bundle)"
1,-0.000927100906104756,0.00109944089599999,"bundle_g_clean|bundlers|run_shoe_x","bundle_g_clean","bundlers","run_shoe_x","Running shoe (ex-bundle)"
2,0.0399128697054091,0.0930681634677814,"bundle_g_clean|bundlers|run_shoe_x","bundle_g_clean","bundlers","run_shoe_x","Running shoe (ex-bundle)"
3,0.0388749316167764,0.0929509064482815,"bundle_g_clean|bundlers|run_shoe_x","bundle_g_clean","bundlers","run_shoe_x","Running shoe (ex-bundle)"
4,-0.0452506798783592,0.0716084251751313,"bundle_g_clean|bundlers|run_shoe_x","bundle_g_clean","bundlers","run_shoe_x","Running shoe (ex-bundle)"
5,0.121087961278746,0.107333366709064,"bundle_g_clean|bundlers|run_shoe_x","bundle_g_clean","bundlers","run_shoe_x","Running shoe (ex-bundle)"
6,0.0404143677866682,0.0784127182301881,"bundle_g_clean|bundlers|run_shoe_x","bundle_g_clean","bundlers","run_shoe_x","Running shoe (ex-bundle)"
7,0.136664153718273,0.101703362293578,"bundle_g_clean|bundlers|run_shoe_x","bundle_g_clean","bundlers","run_shoe_x","Running shoe (ex-bundle)"
8,-0.0639101228258302,0.0953849094874867,"bundle_g_clean|bundlers|run_shoe_x","bundle_g_clean","bundlers","run_shoe_x","Running shoe (ex-bundle)"
-8,0.0752336187333055,0.132447681691575,"bundle_g_clean|bundlers|run_any_x","bundle_g_clean","bundlers","run_any_x","Running-related (ex-bundle)"
-7,-0.0220562389890634,0.106587402807471,"bundle_g_clean|bundlers|run_any_x","bundle_g_clean","bundlers","run_any_x","Running-related (ex-bundle)"
-6,0.157145359671923,0.0974314706066315,"bundle_g_clean|bundlers|run_any_x","bundle_g_clean","bundlers","run_any_x","Running-related (ex-bundle)"
-5,-0.0676844507868213,0.105447542416721,"bundle_g_clean|bundlers|run_any_x","bundle_g_clean","bundlers","run_any_x","Running-related (ex-bundle)"
-4,-0.153258086836374,0.0758299510394058,"bundle_g_clean|bundlers|run_any_x","bundle_g_clean","bundlers","run_any_x","Running-related (ex-bundle)"
-3,0.0114561887693847,0.0833663973644428,"bundle_g_clean|bundlers|run_any_x","bundle_g_clean","bundlers","run_any_x","Running-related (ex-bundle)"
-2,0.00326627933767421,0.101870960268068,"bundle_g_clean|bundlers|run_any_x","bundle_g_clean","bundlers","run_any_x","Running-related (ex-bundle)"
-1,0,NA,"bundle_g_clean|bundlers|run_any_x","bundle_g_clean","bundlers","run_any_x","Running-related (ex-bundle)"
0,-0.256505413061963,0.105131990010259,"bundle_g_clean|bundlers|run_any_x","bundle_g_clean","bundlers","run_any_x","Running-related (ex-bundle)"
1,0.0334529700810738,0.071062898276025,"bundle_g_clean|bundlers|run_any_x","bundle_g_clean","bundlers","run_any_x","Running-related (ex-bundle)"
2,-0.0145192992335533,0.118018443487451,"bundle_g_clean|bundlers|run_any_x","bundle_g_clean","bundlers","run_any_x","Running-related (ex-bundle)"
3,-0.0988198805466854,0.11656175764808,"bundle_g_clean|bundlers|run_any_x","bundle_g_clean","bundlers","run_any_x","Running-related (ex-bundle)"
4,-0.0195470844769738,0.0828768387155002,"bundle_g_clean|bundlers|run_any_x","bundle_g_clean","bundlers","run_any_x","Running-related (ex-bundle)"
5,0.066257285263845,0.0815936505086781,"bundle_g_clean|bundlers|run_any_x","bundle_g_clean","bundlers","run_any_x","Running-related (ex-bundle)"
6,0.0216767062031253,0.135663942149001,"bundle_g_clean|bundlers|run_any_x","bundle_g_clean","bundlers","run_any_x","Running-related (ex-bundle)"
7,0.213980286508927,0.13493406560019,"bundle_g_clean|bundlers|run_any_x","bundle_g_clean","bundlers","run_any_x","Running-related (ex-bundle)"
8,-0.142291993341937,0.173296142545556,"bundle_g_clean|bundlers|run_any_x","bundle_g_clean","bundlers","run_any_x","Running-related (ex-bundle)"
-8,-0.0912034981333803,0.0970867204200732,"bundle_g_clean|bundlers|fit_gear_d","bundle_g_clean","bundlers","fit_gear_d","Fitness gear"
-7,-0.179972302371073,0.108522572297607,"bundle_g_clean|bundlers|fit_gear_d","bundle_g_clean","bundlers","fit_gear_d","Fitness gear"
-6,-0.0380102474717177,0.119504069276062,"bundle_g_clean|bundlers|fit_gear_d","bundle_g_clean","bundlers","fit_gear_d","Fitness gear"
-5,-0.209244125652616,0.0856926005899592,"bundle_g_clean|bundlers|fit_gear_d","bundle_g_clean","bundlers","fit_gear_d","Fitness gear"
-4,-0.163199910046404,0.0759350525778946,"bundle_g_clean|bundlers|fit_gear_d","bundle_g_clean","bundlers","fit_gear_d","Fitness gear"
-3,-0.245482117804722,0.0882335644396568,"bundle_g_clean|bundlers|fit_gear_d","bundle_g_clean","bundlers","fit_gear_d","Fitness gear"
-2,-0.124851851569904,0.0894038267267987,"bundle_g_clean|bundlers|fit_gear_d","bundle_g_clean","bundlers","fit_gear_d","Fitness gear"
-1,0,NA,"bundle_g_clean|bundlers|fit_gear_d","bundle_g_clean","bundlers","fit_gear_d","Fitness gear"
0,-0.00473445246479239,0.0831797719510294,"bundle_g_clean|bundlers|fit_gear_d","bundle_g_clean","bundlers","fit_gear_d","Fitness gear"
1,-0.129527008617463,0.0674581624097926,"bundle_g_clean|bundlers|fit_gear_d","bundle_g_clean","bundlers","fit_gear_d","Fitness gear"
2,-0.00671883743049148,0.101718295376009,"bundle_g_clean|bundlers|fit_gear_d","bundle_g_clean","bundlers","fit_gear_d","Fitness gear"
3,-0.131424853382156,0.0897437883042172,"bundle_g_clean|bundlers|fit_gear_d","bundle_g_clean","bundlers","fit_gear_d","Fitness gear"
4,-0.00887006655563975,0.10206317421761,"bundle_g_clean|bundlers|fit_gear_d","bundle_g_clean","bundlers","fit_gear_d","Fitness gear"
5,-0.174345404938896,0.0762407715243531,"bundle_g_clean|bundlers|fit_gear_d","bundle_g_clean","bundlers","fit_gear_d","Fitness gear"
6,-0.146232404730513,0.0972846309495013,"bundle_g_clean|bundlers|fit_gear_d","bundle_g_clean","bundlers","fit_gear_d","Fitness gear"
7,-0.198799709145037,0.0849655910715641,"bundle_g_clean|bundlers|fit_gear_d","bundle_g_clean","bundlers","fit_gear_d","Fitness gear"
8,-0.177405628634355,0.116594514226784,"bundle_g_clean|bundlers|fit_gear_d","bundle_g_clean","bundlers","fit_gear_d","Fitness gear"
-8,-0.106713645170306,0.129140469112423,"bundle_g_clean|bundlers|supp_d","bundle_g_clean","bundlers","supp_d","Supplements"
-7,-0.105182256379496,0.10218080407986,"bundle_g_clean|bundlers|supp_d","bundle_g_clean","bundlers","supp_d","Supplements"
-6,-0.102676375805783,0.13406621303883,"bundle_g_clean|bundlers|supp_d","bundle_g_clean","bundlers","supp_d","Supplements"
-5,-0.0594190162855749,0.105510035937021,"bundle_g_clean|bundlers|supp_d","bundle_g_clean","bundlers","supp_d","Supplements"
-4,-0.103540816047417,0.0892603028182222,"bundle_g_clean|bundlers|supp_d","bundle_g_clean","bundlers","supp_d","Supplements"
-3,-0.0694926698987522,0.0817494413809195,"bundle_g_clean|bundlers|supp_d","bundle_g_clean","bundlers","supp_d","Supplements"
-2,0.00733465415482909,0.10164313849409,"bundle_g_clean|bundlers|supp_d","bundle_g_clean","bundlers","supp_d","Supplements"
-1,0,NA,"bundle_g_clean|bundlers|supp_d","bundle_g_clean","bundlers","supp_d","Supplements"
0,-0.00399360452061873,0.102123395518787,"bundle_g_clean|bundlers|supp_d","bundle_g_clean","bundlers","supp_d","Supplements"
1,0.115191481206174,0.106638917802035,"bundle_g_clean|bundlers|supp_d","bundle_g_clean","bundlers","supp_d","Supplements"
2,0.112703161813708,0.0907646437209815,"bundle_g_clean|bundlers|supp_d","bundle_g_clean","bundlers","supp_d","Supplements"
3,0.0245009700021446,0.111514717910308,"bundle_g_clean|bundlers|supp_d","bundle_g_clean","bundlers","supp_d","Supplements"
4,0.105806122901426,0.108269149514074,"bundle_g_clean|bundlers|supp_d","bundle_g_clean","bundlers","supp_d","Supplements"
5,0.101471841478652,0.10795565801313,"bundle_g_clean|bundlers|supp_d","bundle_g_clean","bundlers","supp_d","Supplements"
6,-0.0272586085944325,0.112961475578631,"bundle_g_clean|bundlers|supp_d","bundle_g_clean","bundlers","supp_d","Supplements"
7,-0.0322027111942308,0.136097736793204,"bundle_g_clean|bundlers|supp_d","bundle_g_clean","bundlers","supp_d","Supplements"
8,-0.0390274298486395,0.158373894105597,"bundle_g_clean|bundlers|supp_d","bundle_g_clean","bundlers","supp_d","Supplements"
-8,-0.0178925213862889,0.0160058533134658,"bundle_g_clean|nonbundlers|run_shoe_x","bundle_g_clean","nonbundlers","run_shoe_x","Running shoe (ex-bundle)"
-7,-0.0329434759989017,0.0132676532446215,"bundle_g_clean|nonbundlers|run_shoe_x","bundle_g_clean","nonbundlers","run_shoe_x","Running shoe (ex-bundle)"
-6,-0.0268930063613109,0.012628395133806,"bundle_g_clean|nonbundlers|run_shoe_x","bundle_g_clean","nonbundlers","run_shoe_x","Running shoe (ex-bundle)"
-5,-0.0101883969158016,0.0137468725885661,"bundle_g_clean|nonbundlers|run_shoe_x","bundle_g_clean","nonbundlers","run_shoe_x","Running shoe (ex-bundle)"
-4,-0.0219569281376398,0.012003527489866,"bundle_g_clean|nonbundlers|run_shoe_x","bundle_g_clean","nonbundlers","run_shoe_x","Running shoe (ex-bundle)"
-3,-0.00865471394749103,0.012491888580763,"bundle_g_clean|nonbundlers|run_shoe_x","bundle_g_clean","nonbundlers","run_shoe_x","Running shoe (ex-bundle)"
-2,-0.0260637919485392,0.0117448510232522,"bundle_g_clean|nonbundlers|run_shoe_x","bundle_g_clean","nonbundlers","run_shoe_x","Running shoe (ex-bundle)"
-1,0,NA,"bundle_g_clean|nonbundlers|run_shoe_x","bundle_g_clean","nonbundlers","run_shoe_x","Running shoe (ex-bundle)"
0,-0.0474011726849011,0.0108473195208119,"bundle_g_clean|nonbundlers|run_shoe_x","bundle_g_clean","nonbundlers","run_shoe_x","Running shoe (ex-bundle)"
1,-0.0225190261317781,0.0131295504387159,"bundle_g_clean|nonbundlers|run_shoe_x","bundle_g_clean","nonbundlers","run_shoe_x","Running shoe (ex-bundle)"
2,-0.00209169082154592,0.0141866903918079,"bundle_g_clean|nonbundlers|run_shoe_x","bundle_g_clean","nonbundlers","run_shoe_x","Running shoe (ex-bundle)"
3,-0.0192524036542934,0.0127162093965025,"bundle_g_clean|nonbundlers|run_shoe_x","bundle_g_clean","nonbundlers","run_shoe_x","Running shoe (ex-bundle)"
4,-0.0129231931837439,0.0125125630698764,"bundle_g_clean|nonbundlers|run_shoe_x","bundle_g_clean","nonbundlers","run_shoe_x","Running shoe (ex-bundle)"
5,-0.0166329165350233,0.0136724469910715,"bundle_g_clean|nonbundlers|run_shoe_x","bundle_g_clean","nonbundlers","run_shoe_x","Running shoe (ex-bundle)"
6,-0.00724753126037638,0.0146932404230902,"bundle_g_clean|nonbundlers|run_shoe_x","bundle_g_clean","nonbundlers","run_shoe_x","Running shoe (ex-bundle)"
7,0.0060657065054111,0.0171137046293545,"bundle_g_clean|nonbundlers|run_shoe_x","bundle_g_clean","nonbundlers","run_shoe_x","Running shoe (ex-bundle)"
8,-0.0194716761981417,0.0156768956583836,"bundle_g_clean|nonbundlers|run_shoe_x","bundle_g_clean","nonbundlers","run_shoe_x","Running shoe (ex-bundle)"
-8,-0.0460875194221994,0.0287963650970602,"bundle_g_clean|nonbundlers|run_any_x","bundle_g_clean","nonbundlers","run_any_x","Running-related (ex-bundle)"
-7,-0.103761663702033,0.025412850187157,"bundle_g_clean|nonbundlers|run_any_x","bundle_g_clean","nonbundlers","run_any_x","Running-related (ex-bundle)"
-6,-0.0559025531037661,0.0256256154957078,"bundle_g_clean|nonbundlers|run_any_x","bundle_g_clean","nonbundlers","run_any_x","Running-related (ex-bundle)"
-5,-0.0749857684894661,0.0229339272791652,"bundle_g_clean|nonbundlers|run_any_x","bundle_g_clean","nonbundlers","run_any_x","Running-related (ex-bundle)"
-4,-0.0655570212591548,0.0220692318483684,"bundle_g_clean|nonbundlers|run_any_x","bundle_g_clean","nonbundlers","run_any_x","Running-related (ex-bundle)"
-3,-0.0415731728304422,0.0216192334747937,"bundle_g_clean|nonbundlers|run_any_x","bundle_g_clean","nonbundlers","run_any_x","Running-related (ex-bundle)"
-2,-0.0527936899617275,0.0226465762449598,"bundle_g_clean|nonbundlers|run_any_x","bundle_g_clean","nonbundlers","run_any_x","Running-related (ex-bundle)"
-1,0,NA,"bundle_g_clean|nonbundlers|run_any_x","bundle_g_clean","nonbundlers","run_any_x","Running-related (ex-bundle)"
0,-0.159946050262594,0.0200422043184119,"bundle_g_clean|nonbundlers|run_any_x","bundle_g_clean","nonbundlers","run_any_x","Running-related (ex-bundle)"
1,-0.0176821726927254,0.0237307862388139,"bundle_g_clean|nonbundlers|run_any_x","bundle_g_clean","nonbundlers","run_any_x","Running-related (ex-bundle)"
2,-0.000539577624827029,0.0244560247873611,"bundle_g_clean|nonbundlers|run_any_x","bundle_g_clean","nonbundlers","run_any_x","Running-related (ex-bundle)"
3,-0.0146017376521148,0.0236150398856955,"bundle_g_clean|nonbundlers|run_any_x","bundle_g_clean","nonbundlers","run_any_x","Running-related (ex-bundle)"
4,-0.0204380430840465,0.022809246712378,"bundle_g_clean|nonbundlers|run_any_x","bundle_g_clean","nonbundlers","run_any_x","Running-related (ex-bundle)"
5,-0.0407171276149952,0.0253857429418339,"bundle_g_clean|nonbundlers|run_any_x","bundle_g_clean","nonbundlers","run_any_x","Running-related (ex-bundle)"
6,-0.0142099954637111,0.0276032265161492,"bundle_g_clean|nonbundlers|run_any_x","bundle_g_clean","nonbundlers","run_any_x","Running-related (ex-bundle)"
7,-0.00141245715533303,0.0275351521648442,"bundle_g_clean|nonbundlers|run_any_x","bundle_g_clean","nonbundlers","run_any_x","Running-related (ex-bundle)"
8,-0.00430570224020259,0.0313147426214723,"bundle_g_clean|nonbundlers|run_any_x","bundle_g_clean","nonbundlers","run_any_x","Running-related (ex-bundle)"
-8,-0.020080251907797,0.0261887802906218,"bundle_g_clean|nonbundlers|fit_gear_d","bundle_g_clean","nonbundlers","fit_gear_d","Fitness gear"
-7,-0.0667609106191831,0.0200379799480569,"bundle_g_clean|nonbundlers|fit_gear_d","bundle_g_clean","nonbundlers","fit_gear_d","Fitness gear"
-6,-0.0338641768749169,0.021085402962429,"bundle_g_clean|nonbundlers|fit_gear_d","bundle_g_clean","nonbundlers","fit_gear_d","Fitness gear"
-5,-0.0213596157516542,0.0205474192266107,"bundle_g_clean|nonbundlers|fit_gear_d","bundle_g_clean","nonbundlers","fit_gear_d","Fitness gear"
-4,-0.0168243483283324,0.0197623824973062,"bundle_g_clean|nonbundlers|fit_gear_d","bundle_g_clean","nonbundlers","fit_gear_d","Fitness gear"
-3,-0.0201102778395438,0.0205814883472747,"bundle_g_clean|nonbundlers|fit_gear_d","bundle_g_clean","nonbundlers","fit_gear_d","Fitness gear"
-2,0.00748466146498715,0.0210048357769043,"bundle_g_clean|nonbundlers|fit_gear_d","bundle_g_clean","nonbundlers","fit_gear_d","Fitness gear"
-1,0,NA,"bundle_g_clean|nonbundlers|fit_gear_d","bundle_g_clean","nonbundlers","fit_gear_d","Fitness gear"
0,0.00615965416934815,0.0208592525884058,"bundle_g_clean|nonbundlers|fit_gear_d","bundle_g_clean","nonbundlers","fit_gear_d","Fitness gear"
1,-0.009523734599336,0.0184403127205727,"bundle_g_clean|nonbundlers|fit_gear_d","bundle_g_clean","nonbundlers","fit_gear_d","Fitness gear"
2,-0.0123405946946378,0.0204603502196012,"bundle_g_clean|nonbundlers|fit_gear_d","bundle_g_clean","nonbundlers","fit_gear_d","Fitness gear"
3,-0.010629194526122,0.0200884798792734,"bundle_g_clean|nonbundlers|fit_gear_d","bundle_g_clean","nonbundlers","fit_gear_d","Fitness gear"
4,0.00571350257328243,0.0219507053351402,"bundle_g_clean|nonbundlers|fit_gear_d","bundle_g_clean","nonbundlers","fit_gear_d","Fitness gear"
5,-0.0252416634629254,0.0201266767184753,"bundle_g_clean|nonbundlers|fit_gear_d","bundle_g_clean","nonbundlers","fit_gear_d","Fitness gear"
6,-0.000895482511034906,0.0214292138076251,"bundle_g_clean|nonbundlers|fit_gear_d","bundle_g_clean","nonbundlers","fit_gear_d","Fitness gear"
7,-0.00238589587148073,0.0240295283046821,"bundle_g_clean|nonbundlers|fit_gear_d","bundle_g_clean","nonbundlers","fit_gear_d","Fitness gear"
8,0.0112180890838263,0.0264729896856859,"bundle_g_clean|nonbundlers|fit_gear_d","bundle_g_clean","nonbundlers","fit_gear_d","Fitness gear"
-8,-0.0459481484211464,0.0324163187046022,"bundle_g_clean|nonbundlers|supp_d","bundle_g_clean","nonbundlers","supp_d","Supplements"
-7,-0.0478878086777882,0.027792112482001,"bundle_g_clean|nonbundlers|supp_d","bundle_g_clean","nonbundlers","supp_d","Supplements"
-6,-0.0861037713990062,0.0260241132041291,"bundle_g_clean|nonbundlers|supp_d","bundle_g_clean","nonbundlers","supp_d","Supplements"
-5,-0.0301771935904189,0.026198030727288,"bundle_g_clean|nonbundlers|supp_d","bundle_g_clean","nonbundlers","supp_d","Supplements"
-4,-0.0303320118952,0.0249594799023762,"bundle_g_clean|nonbundlers|supp_d","bundle_g_clean","nonbundlers","supp_d","Supplements"
-3,-0.0326744994402969,0.023953584167259,"bundle_g_clean|nonbundlers|supp_d","bundle_g_clean","nonbundlers","supp_d","Supplements"
-2,-0.0188477252367851,0.0216699058303242,"bundle_g_clean|nonbundlers|supp_d","bundle_g_clean","nonbundlers","supp_d","Supplements"
-1,0,NA,"bundle_g_clean|nonbundlers|supp_d","bundle_g_clean","nonbundlers","supp_d","Supplements"
0,0.0314027712497322,0.0226944506527142,"bundle_g_clean|nonbundlers|supp_d","bundle_g_clean","nonbundlers","supp_d","Supplements"
1,0.0371539558116571,0.0230926112285927,"bundle_g_clean|nonbundlers|supp_d","bundle_g_clean","nonbundlers","supp_d","Supplements"
2,0.0443370509462656,0.0235696948011121,"bundle_g_clean|nonbundlers|supp_d","bundle_g_clean","nonbundlers","supp_d","Supplements"
3,0.0147984862732813,0.0243857042005071,"bundle_g_clean|nonbundlers|supp_d","bundle_g_clean","nonbundlers","supp_d","Supplements"
4,0.00540783351480207,0.024461614324761,"bundle_g_clean|nonbundlers|supp_d","bundle_g_clean","nonbundlers","supp_d","Supplements"
5,0.00560687725835757,0.0267699225225484,"bundle_g_clean|nonbundlers|supp_d","bundle_g_clean","nonbundlers","supp_d","Supplements"
6,0.0186048499475998,0.027046848315523,"bundle_g_clean|nonbundlers|supp_d","bundle_g_clean","nonbundlers","supp_d","Supplements"
7,0.0576457072262318,0.0307674909932781,"bundle_g_clean|nonbundlers|supp_d","bundle_g_clean","nonbundlers","supp_d","Supplements"
8,0.00121002048306496,0.0343403494269366,"bundle_g_clean|nonbundlers|supp_d","bundle_g_clean","nonbundlers","supp_d","Supplements"
-8,-0.0034933079541274,0.00993808386963505,"shoe_all|all|wear_d","shoe_all","all","wear_d","Wearable purchase"
-7,-0.00567392803214571,0.0103485143093804,"shoe_all|all|wear_d","shoe_all","all","wear_d","Wearable purchase"
-6,-0.00134637667335855,0.00983376222889521,"shoe_all|all|wear_d","shoe_all","all","wear_d","Wearable purchase"
-5,-0.0106626839275331,0.00889297006216005,"shoe_all|all|wear_d","shoe_all","all","wear_d","Wearable purchase"
-4,-0.0052617976618685,0.00905876761606009,"shoe_all|all|wear_d","shoe_all","all","wear_d","Wearable purchase"
-3,-0.00574700685734639,0.00875431597145323,"shoe_all|all|wear_d","shoe_all","all","wear_d","Wearable purchase"
-2,-0.00294238014196455,0.00875729911863649,"shoe_all|all|wear_d","shoe_all","all","wear_d","Wearable purchase"
-1,0,NA,"shoe_all|all|wear_d","shoe_all","all","wear_d","Wearable purchase"
0,0.00168752663084628,0.00979286569379713,"shoe_all|all|wear_d","shoe_all","all","wear_d","Wearable purchase"
1,0.0130248061444064,0.0101902720279999,"shoe_all|all|wear_d","shoe_all","all","wear_d","Wearable purchase"
2,-0.000688127519958568,0.00907479094413115,"shoe_all|all|wear_d","shoe_all","all","wear_d","Wearable purchase"
3,0.000797975706950578,0.00921842885914429,"shoe_all|all|wear_d","shoe_all","all","wear_d","Wearable purchase"
4,-0.0052920487223203,0.00922394582399086,"shoe_all|all|wear_d","shoe_all","all","wear_d","Wearable purchase"
5,0.00956614066772798,0.00997862316831609,"shoe_all|all|wear_d","shoe_all","all","wear_d","Wearable purchase"
6,0.00637191162327144,0.0108184810116308,"shoe_all|all|wear_d","shoe_all","all","wear_d","Wearable purchase"
7,-0.0125792584806357,0.00948009442828466,"shoe_all|all|wear_d","shoe_all","all","wear_d","Wearable purchase"
8,-0.00259453059648127,0.0105688144372463,"shoe_all|all|wear_d","shoe_all","all","wear_d","Wearable purchase"
-8,-0.0611992067296123,0.0185304316953257,"shoe_all|all|run_noshoe_d","shoe_all","all","run_noshoe_d","Running-related, non-shoe"
-7,-0.0174995543052992,0.0197878851103398,"shoe_all|all|run_noshoe_d","shoe_all","all","run_noshoe_d","Running-related, non-shoe"
-6,-0.0102654622445189,0.0183379637842406,"shoe_all|all|run_noshoe_d","shoe_all","all","run_noshoe_d","Running-related, non-shoe"
-5,-0.0213838635957453,0.0172184282425715,"shoe_all|all|run_noshoe_d","shoe_all","all","run_noshoe_d","Running-related, non-shoe"
-4,-0.0175037075969028,0.0167726181079904,"shoe_all|all|run_noshoe_d","shoe_all","all","run_noshoe_d","Running-related, non-shoe"
-3,-0.0127937456268573,0.0158776471786431,"shoe_all|all|run_noshoe_d","shoe_all","all","run_noshoe_d","Running-related, non-shoe"
-2,0.00966446112353748,0.0175226155963087,"shoe_all|all|run_noshoe_d","shoe_all","all","run_noshoe_d","Running-related, non-shoe"
-1,0,NA,"shoe_all|all|run_noshoe_d","shoe_all","all","run_noshoe_d","Running-related, non-shoe"
0,0.101017233439757,0.0198850872347259,"shoe_all|all|run_noshoe_d","shoe_all","all","run_noshoe_d","Running-related, non-shoe"
1,0.0307342177174056,0.0173596973840338,"shoe_all|all|run_noshoe_d","shoe_all","all","run_noshoe_d","Running-related, non-shoe"
2,0.0247790173516784,0.0180137397511703,"shoe_all|all|run_noshoe_d","shoe_all","all","run_noshoe_d","Running-related, non-shoe"
3,0.0252212073461216,0.0187581282299429,"shoe_all|all|run_noshoe_d","shoe_all","all","run_noshoe_d","Running-related, non-shoe"
4,0.0441655066631026,0.0194060100522507,"shoe_all|all|run_noshoe_d","shoe_all","all","run_noshoe_d","Running-related, non-shoe"
5,0.021558330690987,0.018780020929677,"shoe_all|all|run_noshoe_d","shoe_all","all","run_noshoe_d","Running-related, non-shoe"
6,0.0340450087825176,0.0207613480078811,"shoe_all|all|run_noshoe_d","shoe_all","all","run_noshoe_d","Running-related, non-shoe"
7,0.0271309922044459,0.021952459194948,"shoe_all|all|run_noshoe_d","shoe_all","all","run_noshoe_d","Running-related, non-shoe"
8,0.0235268636114429,0.0223788339098205,"shoe_all|all|run_noshoe_d","shoe_all","all","run_noshoe_d","Running-related, non-shoe"
-8,-0.0234801512190229,0.0195779460482715,"shoe_all|all|fit_gear_d","shoe_all","all","fit_gear_d","Fitness gear"
-7,-0.028995351960633,0.017826575079328,"shoe_all|all|fit_gear_d","shoe_all","all","fit_gear_d","Fitness gear"
-6,-0.0247843382591653,0.017238882069428,"shoe_all|all|fit_gear_d","shoe_all","all","fit_gear_d","Fitness gear"
-5,-0.021132740679813,0.0160165150462608,"shoe_all|all|fit_gear_d","shoe_all","all","fit_gear_d","Fitness gear"
-4,-0.00756289668397428,0.0157882066284146,"shoe_all|all|fit_gear_d","shoe_all","all","fit_gear_d","Fitness gear"
-3,-0.0253696660745474,0.0154099914705142,"shoe_all|all|fit_gear_d","shoe_all","all","fit_gear_d","Fitness gear"
-2,-0.013707621124479,0.0154317603969696,"shoe_all|all|fit_gear_d","shoe_all","all","fit_gear_d","Fitness gear"
-1,0,NA,"shoe_all|all|fit_gear_d","shoe_all","all","fit_gear_d","Fitness gear"
0,0.014213196109652,0.0175689086254962,"shoe_all|all|fit_gear_d","shoe_all","all","fit_gear_d","Fitness gear"
1,0.00699243397251902,0.0157050287438861,"shoe_all|all|fit_gear_d","shoe_all","all","fit_gear_d","Fitness gear"
2,-0.00377968191386703,0.0171159260179156,"shoe_all|all|fit_gear_d","shoe_all","all","fit_gear_d","Fitness gear"
3,-0.00518785137669838,0.0161680722409734,"shoe_all|all|fit_gear_d","shoe_all","all","fit_gear_d","Fitness gear"
4,0.00465086949259203,0.016805666225091,"shoe_all|all|fit_gear_d","shoe_all","all","fit_gear_d","Fitness gear"
5,-0.00560115267657787,0.0166360587976292,"shoe_all|all|fit_gear_d","shoe_all","all","fit_gear_d","Fitness gear"
6,0.00543716470609573,0.0181523072230857,"shoe_all|all|fit_gear_d","shoe_all","all","fit_gear_d","Fitness gear"
7,-0.00933600782587656,0.0176691412651827,"shoe_all|all|fit_gear_d","shoe_all","all","fit_gear_d","Fitness gear"
8,0.0115546220586261,0.0206985631340312,"shoe_all|all|fit_gear_d","shoe_all","all","fit_gear_d","Fitness gear"
-8,-0.104823988069224,0.0235455873215496,"shoe_all|all|supp_d","shoe_all","all","supp_d","Supplements"
-7,-0.06427314212106,0.0227301705311873,"shoe_all|all|supp_d","shoe_all","all","supp_d","Supplements"
-6,-0.0628877695209005,0.0226977577452705,"shoe_all|all|supp_d","shoe_all","all","supp_d","Supplements"
-5,-0.0583062787383592,0.0207475660217908,"shoe_all|all|supp_d","shoe_all","all","supp_d","Supplements"
-4,-0.0599847315248535,0.0193978549753051,"shoe_all|all|supp_d","shoe_all","all","supp_d","Supplements"
-3,-0.0652944284165432,0.0192051350312951,"shoe_all|all|supp_d","shoe_all","all","supp_d","Supplements"
-2,-0.0136220166422142,0.0186752547610879,"shoe_all|all|supp_d","shoe_all","all","supp_d","Supplements"
-1,0,NA,"shoe_all|all|supp_d","shoe_all","all","supp_d","Supplements"
0,0.0142861232186603,0.019431453681486,"shoe_all|all|supp_d","shoe_all","all","supp_d","Supplements"
1,0.0170822479311788,0.0184093046614471,"shoe_all|all|supp_d","shoe_all","all","supp_d","Supplements"
2,-0.00956052897906542,0.0200821640034284,"shoe_all|all|supp_d","shoe_all","all","supp_d","Supplements"
3,0.0125600047182638,0.0206448386683648,"shoe_all|all|supp_d","shoe_all","all","supp_d","Supplements"
4,-0.00944922998506862,0.0208386389940836,"shoe_all|all|supp_d","shoe_all","all","supp_d","Supplements"
5,-0.0211797234445128,0.0219160913549368,"shoe_all|all|supp_d","shoe_all","all","supp_d","Supplements"
6,-0.0102341002780722,0.0237484815652308,"shoe_all|all|supp_d","shoe_all","all","supp_d","Supplements"
7,0.00838480997211719,0.0259872235410859,"shoe_all|all|supp_d","shoe_all","all","supp_d","Supplements"
8,-0.0127095774408509,0.0279630785919597,"shoe_all|all|supp_d","shoe_all","all","supp_d","Supplements"
-8,0,NA,"shoe_all|all|run_shoe_d","shoe_all","all","run_shoe_d","Running shoe (repeat)"
-7,0,NA,"shoe_all|all|run_shoe_d","shoe_all","all","run_shoe_d","Running shoe (repeat)"
-6,0,NA,"shoe_all|all|run_shoe_d","shoe_all","all","run_shoe_d","Running shoe (repeat)"
-5,0,NA,"shoe_all|all|run_shoe_d","shoe_all","all","run_shoe_d","Running shoe (repeat)"
-4,0,NA,"shoe_all|all|run_shoe_d","shoe_all","all","run_shoe_d","Running shoe (repeat)"
-3,0,NA,"shoe_all|all|run_shoe_d","shoe_all","all","run_shoe_d","Running shoe (repeat)"
-2,0,NA,"shoe_all|all|run_shoe_d","shoe_all","all","run_shoe_d","Running shoe (repeat)"
-1,0,NA,"shoe_all|all|run_shoe_d","shoe_all","all","run_shoe_d","Running shoe (repeat)"
0,1,NA,"shoe_all|all|run_shoe_d","shoe_all","all","run_shoe_d","Running shoe (repeat)"
1,0.0695364238410596,0.0103499295835702,"shoe_all|all|run_shoe_d","shoe_all","all","run_shoe_d","Running shoe (repeat)"
2,0.0728476821192053,0.0105746242343228,"shoe_all|all|run_shoe_d","shoe_all","all","run_shoe_d","Running shoe (repeat)"
3,0.0844370860927152,0.0113133766415947,"shoe_all|all|run_shoe_d","shoe_all","all","run_shoe_d","Running shoe (repeat)"
4,0.0778145695364238,0.0108998649897682,"shoe_all|all|run_shoe_d","shoe_all","all","run_shoe_d","Running shoe (repeat)"
5,0.0934909268242601,0.0121578435705698,"shoe_all|all|run_shoe_d","shoe_all","all","run_shoe_d","Running shoe (repeat)"
6,0.0828268419746961,0.011955441121407,"shoe_all|all|run_shoe_d","shoe_all","all","run_shoe_d","Running shoe (repeat)"
7,0.088232671178317,0.0131558497240783,"shoe_all|all|run_shoe_d","shoe_all","all","run_shoe_d","Running shoe (repeat)"
8,0.08854511858897,0.0137574068171159,"shoe_all|all|run_shoe_d","shoe_all","all","run_shoe_d","Running shoe (repeat)"
-8,-0.0360456459562896,0.0190082923238783,"shoe_all|all|med_d","shoe_all","all","med_d","PLACEBO-ish: medication"
-7,-0.0491484290618035,0.0181228887548842,"shoe_all|all|med_d","shoe_all","all","med_d","PLACEBO-ish: medication"
-6,-0.042186555531914,0.0174491666429948,"shoe_all|all|med_d","shoe_all","all","med_d","PLACEBO-ish: medication"
-5,-0.0197620777066823,0.0170711801453939,"shoe_all|all|med_d","shoe_all","all","med_d","PLACEBO-ish: medication"
-4,-0.014683277343953,0.0156773865597902,"shoe_all|all|med_d","shoe_all","all","med_d","PLACEBO-ish: medication"
-3,-0.0284260491002032,0.0159659778669547,"shoe_all|all|med_d","shoe_all","all","med_d","PLACEBO-ish: medication"
-2,-0.0299663479969529,0.0166536941679938,"shoe_all|all|med_d","shoe_all","all","med_d","PLACEBO-ish: medication"
-1,0,NA,"shoe_all|all|med_d","shoe_all","all","med_d","PLACEBO-ish: medication"
0,0.0158741051432577,0.0171151002881295,"shoe_all|all|med_d","shoe_all","all","med_d","PLACEBO-ish: medication"
1,-0.0269375790695442,0.0164194502346041,"shoe_all|all|med_d","shoe_all","all","med_d","PLACEBO-ish: medication"
2,0.00010315363971615,0.0164167250288201,"shoe_all|all|med_d","shoe_all","all","med_d","PLACEBO-ish: medication"
3,0.0230167411924376,0.0169944669654087,"shoe_all|all|med_d","shoe_all","all","med_d","PLACEBO-ish: medication"
4,0.00412970135306964,0.0179759224291881,"shoe_all|all|med_d","shoe_all","all","med_d","PLACEBO-ish: medication"
5,-0.00511194464897101,0.0176744850196459,"shoe_all|all|med_d","shoe_all","all","med_d","PLACEBO-ish: medication"
6,-0.0218187374798302,0.018617855976697,"shoe_all|all|med_d","shoe_all","all","med_d","PLACEBO-ish: medication"
7,0.0092967811534148,0.0208135023157089,"shoe_all|all|med_d","shoe_all","all","med_d","PLACEBO-ish: medication"
8,0.00301613984439015,0.022963268525793,"shoe_all|all|med_d","shoe_all","all","med_d","PLACEBO-ish: medication"
-8,-0.058356930032845,0.0230791821721817,"shoe_all|all|pet_d","shoe_all","all","pet_d","PLACEBO: pet"
-7,-0.0549278488565535,0.0226041266518209,"shoe_all|all|pet_d","shoe_all","all","pet_d","PLACEBO: pet"
-6,-0.0848478645521284,0.0202214011240352,"shoe_all|all|pet_d","shoe_all","all","pet_d","PLACEBO: pet"
-5,-0.0706646416415368,0.0198377135524216,"shoe_all|all|pet_d","shoe_all","all","pet_d","PLACEBO: pet"
-4,-0.025449278864396,0.0187004827646122,"shoe_all|all|pet_d","shoe_all","all","pet_d","PLACEBO: pet"
-3,-0.0309611669483113,0.0179772334757811,"shoe_all|all|pet_d","shoe_all","all","pet_d","PLACEBO: pet"
-2,-0.00341015631484301,0.0166602129373724,"shoe_all|all|pet_d","shoe_all","all","pet_d","PLACEBO: pet"
-1,0,NA,"shoe_all|all|pet_d","shoe_all","all","pet_d","PLACEBO: pet"
0,0.0236742494340947,0.0187759522213508,"shoe_all|all|pet_d","shoe_all","all","pet_d","PLACEBO: pet"
1,0.0240449179543113,0.0190490324758538,"shoe_all|all|pet_d","shoe_all","all","pet_d","PLACEBO: pet"
2,-0.0136818323659715,0.0186080912734824,"shoe_all|all|pet_d","shoe_all","all","pet_d","PLACEBO: pet"
3,0.00907500247249826,0.0198225988635993,"shoe_all|all|pet_d","shoe_all","all","pet_d","PLACEBO: pet"
4,-0.0215860968205645,0.0208344487694571,"shoe_all|all|pet_d","shoe_all","all","pet_d","PLACEBO: pet"
5,-0.0224484332182627,0.0209332830501374,"shoe_all|all|pet_d","shoe_all","all","pet_d","PLACEBO: pet"
6,-0.0422970885803565,0.0229240180862966,"shoe_all|all|pet_d","shoe_all","all","pet_d","PLACEBO: pet"
7,-0.0252005979003615,0.0250606226187345,"shoe_all|all|pet_d","shoe_all","all","pet_d","PLACEBO: pet"
8,-0.0635887345766477,0.0245138502547538,"shoe_all|all|pet_d","shoe_all","all","pet_d","PLACEBO: pet"
-8,-0.0924153788756058,0.0301343222247115,"shoe_all|all|book_d","shoe_all","all","book_d","PLACEBO: books"
-7,-0.0799356380873568,0.0286577813834198,"shoe_all|all|book_d","shoe_all","all","book_d","PLACEBO: books"
-6,-0.0648923870353704,0.0256890598170696,"shoe_all|all|book_d","shoe_all","all","book_d","PLACEBO: books"
-5,-0.0549131206803699,0.0243803949770813,"shoe_all|all|book_d","shoe_all","all","book_d","PLACEBO: books"
-4,-0.0458214974357527,0.0230005350949363,"shoe_all|all|book_d","shoe_all","all","book_d","PLACEBO: books"
-3,-0.0428994589834519,0.0228711965072979,"shoe_all|all|book_d","shoe_all","all","book_d","PLACEBO: books"
-2,-0.0445501089771475,0.0226292133978503,"shoe_all|all|book_d","shoe_all","all","book_d","PLACEBO: books"
-1,0,NA,"shoe_all|all|book_d","shoe_all","all","book_d","PLACEBO: books"
0,0.0284797455632957,0.0228634067457904,"shoe_all|all|book_d","shoe_all","all","book_d","PLACEBO: books"
1,-0.0158344737756637,0.0220271361424226,"shoe_all|all|book_d","shoe_all","all","book_d","PLACEBO: books"
2,-0.0130300057294477,0.0242115573802309,"shoe_all|all|book_d","shoe_all","all","book_d","PLACEBO: books"
3,-0.0139022848594817,0.0229150051175696,"shoe_all|all|book_d","shoe_all","all","book_d","PLACEBO: books"
4,-0.028828315166875,0.0242513766240377,"shoe_all|all|book_d","shoe_all","all","book_d","PLACEBO: books"
5,-0.0537167472583625,0.0235884740005826,"shoe_all|all|book_d","shoe_all","all","book_d","PLACEBO: books"
6,-0.0339745775098203,0.0246932611538615,"shoe_all|all|book_d","shoe_all","all","book_d","PLACEBO: books"
7,-0.0741232073056047,0.0261210164932571,"shoe_all|all|book_d","shoe_all","all","book_d","PLACEBO: books"
8,-0.0473419843298125,0.0291708758308883,"shoe_all|all|book_d","shoe_all","all","book_d","PLACEBO: books"
-8,0,NA,"shoe_noadopt|all|wear_d","shoe_noadopt","all","wear_d","Wearable purchase"
-7,0,NA,"shoe_noadopt|all|wear_d","shoe_noadopt","all","wear_d","Wearable purchase"
-6,0,NA,"shoe_noadopt|all|wear_d","shoe_noadopt","all","wear_d","Wearable purchase"
-5,0,NA,"shoe_noadopt|all|wear_d","shoe_noadopt","all","wear_d","Wearable purchase"
-4,0,NA,"shoe_noadopt|all|wear_d","shoe_noadopt","all","wear_d","Wearable purchase"
-3,0,NA,"shoe_noadopt|all|wear_d","shoe_noadopt","all","wear_d","Wearable purchase"
-2,0,NA,"shoe_noadopt|all|wear_d","shoe_noadopt","all","wear_d","Wearable purchase"
-1,0,NA,"shoe_noadopt|all|wear_d","shoe_noadopt","all","wear_d","Wearable purchase"
0,0,NA,"shoe_noadopt|all|wear_d","shoe_noadopt","all","wear_d","Wearable purchase"
1,0,NA,"shoe_noadopt|all|wear_d","shoe_noadopt","all","wear_d","Wearable purchase"
2,0,NA,"shoe_noadopt|all|wear_d","shoe_noadopt","all","wear_d","Wearable purchase"
3,0,NA,"shoe_noadopt|all|wear_d","shoe_noadopt","all","wear_d","Wearable purchase"
4,0,NA,"shoe_noadopt|all|wear_d","shoe_noadopt","all","wear_d","Wearable purchase"
5,0,NA,"shoe_noadopt|all|wear_d","shoe_noadopt","all","wear_d","Wearable purchase"
6,0,NA,"shoe_noadopt|all|wear_d","shoe_noadopt","all","wear_d","Wearable purchase"
7,0,NA,"shoe_noadopt|all|wear_d","shoe_noadopt","all","wear_d","Wearable purchase"
8,0,NA,"shoe_noadopt|all|wear_d","shoe_noadopt","all","wear_d","Wearable purchase"
-8,-0.0511156401730568,0.0213147105999718,"shoe_noadopt|all|run_noshoe_d","shoe_noadopt","all","run_noshoe_d","Running-related, non-shoe"
-7,-0.0128244003833369,0.0222725453530403,"shoe_noadopt|all|run_noshoe_d","shoe_noadopt","all","run_noshoe_d","Running-related, non-shoe"
-6,0.0141281220220614,0.0214167056646721,"shoe_noadopt|all|run_noshoe_d","shoe_noadopt","all","run_noshoe_d","Running-related, non-shoe"
-5,-0.0179188104056764,0.0192198593930336,"shoe_noadopt|all|run_noshoe_d","shoe_noadopt","all","run_noshoe_d","Running-related, non-shoe"
-4,-0.013501206687329,0.0192130704962413,"shoe_noadopt|all|run_noshoe_d","shoe_noadopt","all","run_noshoe_d","Running-related, non-shoe"
-3,0.000731037910234479,0.0181001688721085,"shoe_noadopt|all|run_noshoe_d","shoe_noadopt","all","run_noshoe_d","Running-related, non-shoe"
-2,0.0175347140145502,0.0200388323778081,"shoe_noadopt|all|run_noshoe_d","shoe_noadopt","all","run_noshoe_d","Running-related, non-shoe"
-1,0,NA,"shoe_noadopt|all|run_noshoe_d","shoe_noadopt","all","run_noshoe_d","Running-related, non-shoe"
0,0.08253386394822,0.0217414021873499,"shoe_noadopt|all|run_noshoe_d","shoe_noadopt","all","run_noshoe_d","Running-related, non-shoe"
1,0.0411511844444491,0.0209669164273624,"shoe_noadopt|all|run_noshoe_d","shoe_noadopt","all","run_noshoe_d","Running-related, non-shoe"
2,0.0542702702557592,0.0208834104278977,"shoe_noadopt|all|run_noshoe_d","shoe_noadopt","all","run_noshoe_d","Running-related, non-shoe"
3,0.031529151727608,0.0213212655311362,"shoe_noadopt|all|run_noshoe_d","shoe_noadopt","all","run_noshoe_d","Running-related, non-shoe"
4,0.0419072938366033,0.0222148911579264,"shoe_noadopt|all|run_noshoe_d","shoe_noadopt","all","run_noshoe_d","Running-related, non-shoe"
5,0.0250364109130696,0.0210075188491952,"shoe_noadopt|all|run_noshoe_d","shoe_noadopt","all","run_noshoe_d","Running-related, non-shoe"
6,0.0513085093123847,0.0234573599945481,"shoe_noadopt|all|run_noshoe_d","shoe_noadopt","all","run_noshoe_d","Running-related, non-shoe"
7,0.0450513545211656,0.0249121448561699,"shoe_noadopt|all|run_noshoe_d","shoe_noadopt","all","run_noshoe_d","Running-related, non-shoe"
8,0.0406892660018467,0.0248885920700647,"shoe_noadopt|all|run_noshoe_d","shoe_noadopt","all","run_noshoe_d","Running-related, non-shoe"
-8,-0.0185125816303621,0.0225147594422578,"shoe_noadopt|all|fit_gear_d","shoe_noadopt","all","fit_gear_d","Fitness gear"
-7,-0.0213132570894189,0.0209572856208328,"shoe_noadopt|all|fit_gear_d","shoe_noadopt","all","fit_gear_d","Fitness gear"
-6,-0.0242427328421272,0.0181856899138997,"shoe_noadopt|all|fit_gear_d","shoe_noadopt","all","fit_gear_d","Fitness gear"
-5,-0.0131773985019141,0.0164930725923812,"shoe_noadopt|all|fit_gear_d","shoe_noadopt","all","fit_gear_d","Fitness gear"
-4,-0.0159472024522434,0.016578897707991,"shoe_noadopt|all|fit_gear_d","shoe_noadopt","all","fit_gear_d","Fitness gear"
-3,-0.0195669690322513,0.0160084395730732,"shoe_noadopt|all|fit_gear_d","shoe_noadopt","all","fit_gear_d","Fitness gear"
-2,0.00399916927849047,0.0171827409747384,"shoe_noadopt|all|fit_gear_d","shoe_noadopt","all","fit_gear_d","Fitness gear"
-1,0,NA,"shoe_noadopt|all|fit_gear_d","shoe_noadopt","all","fit_gear_d","Fitness gear"
0,0.021783530323653,0.0198555986806143,"shoe_noadopt|all|fit_gear_d","shoe_noadopt","all","fit_gear_d","Fitness gear"
1,0.0071868960134576,0.0169945968036132,"shoe_noadopt|all|fit_gear_d","shoe_noadopt","all","fit_gear_d","Fitness gear"
2,-0.0149284398757079,0.0180651965123292,"shoe_noadopt|all|fit_gear_d","shoe_noadopt","all","fit_gear_d","Fitness gear"
3,0.0086324022609022,0.0173878264714104,"shoe_noadopt|all|fit_gear_d","shoe_noadopt","all","fit_gear_d","Fitness gear"
4,0.0159177629399777,0.0195504350009198,"shoe_noadopt|all|fit_gear_d","shoe_noadopt","all","fit_gear_d","Fitness gear"
5,0.00913474459642468,0.0189464758468213,"shoe_noadopt|all|fit_gear_d","shoe_noadopt","all","fit_gear_d","Fitness gear"
6,0.0196775705206579,0.020623379406958,"shoe_noadopt|all|fit_gear_d","shoe_noadopt","all","fit_gear_d","Fitness gear"
7,0.0095150379788811,0.0202889463867995,"shoe_noadopt|all|fit_gear_d","shoe_noadopt","all","fit_gear_d","Fitness gear"
8,-0.00759932554002909,0.0221496367884986,"shoe_noadopt|all|fit_gear_d","shoe_noadopt","all","fit_gear_d","Fitness gear"
-8,-0.120065932088537,0.0280661741603568,"shoe_noadopt|all|supp_d","shoe_noadopt","all","supp_d","Supplements"
-7,-0.0640529325069219,0.0274230522428282,"shoe_noadopt|all|supp_d","shoe_noadopt","all","supp_d","Supplements"
-6,-0.0776678920556158,0.0272707688882298,"shoe_noadopt|all|supp_d","shoe_noadopt","all","supp_d","Supplements"
-5,-0.0798657411690597,0.0247886666960454,"shoe_noadopt|all|supp_d","shoe_noadopt","all","supp_d","Supplements"
-4,-0.0790486582357334,0.0233599898526391,"shoe_noadopt|all|supp_d","shoe_noadopt","all","supp_d","Supplements"
-3,-0.092668890752414,0.0230672962258541,"shoe_noadopt|all|supp_d","shoe_noadopt","all","supp_d","Supplements"
-2,-0.0343743649073159,0.0222713103265995,"shoe_noadopt|all|supp_d","shoe_noadopt","all","supp_d","Supplements"
-1,0,NA,"shoe_noadopt|all|supp_d","shoe_noadopt","all","supp_d","Supplements"
0,-0.0147065879036696,0.0240349144678141,"shoe_noadopt|all|supp_d","shoe_noadopt","all","supp_d","Supplements"
1,-0.000429417996259253,0.0225580687509297,"shoe_noadopt|all|supp_d","shoe_noadopt","all","supp_d","Supplements"
2,-0.0255385784839176,0.0244469527567391,"shoe_noadopt|all|supp_d","shoe_noadopt","all","supp_d","Supplements"
3,0.00921356486758668,0.0256083891566205,"shoe_noadopt|all|supp_d","shoe_noadopt","all","supp_d","Supplements"
4,-0.0280178484559691,0.0253169962402012,"shoe_noadopt|all|supp_d","shoe_noadopt","all","supp_d","Supplements"
5,-0.0510064213957482,0.0269110318167692,"shoe_noadopt|all|supp_d","shoe_noadopt","all","supp_d","Supplements"
6,-0.028684095248202,0.0278273907898532,"shoe_noadopt|all|supp_d","shoe_noadopt","all","supp_d","Supplements"
7,-0.00599163686184155,0.0323497375109338,"shoe_noadopt|all|supp_d","shoe_noadopt","all","supp_d","Supplements"
8,-0.0280215440775236,0.0338906161332158,"shoe_noadopt|all|supp_d","shoe_noadopt","all","supp_d","Supplements"
-8,0,NA,"shoe_noadopt|all|run_shoe_d","shoe_noadopt","all","run_shoe_d","Running shoe (repeat)"
-7,0,NA,"shoe_noadopt|all|run_shoe_d","shoe_noadopt","all","run_shoe_d","Running shoe (repeat)"
-6,0,NA,"shoe_noadopt|all|run_shoe_d","shoe_noadopt","all","run_shoe_d","Running shoe (repeat)"
-5,0,NA,"shoe_noadopt|all|run_shoe_d","shoe_noadopt","all","run_shoe_d","Running shoe (repeat)"
-4,0,NA,"shoe_noadopt|all|run_shoe_d","shoe_noadopt","all","run_shoe_d","Running shoe (repeat)"
-3,0,NA,"shoe_noadopt|all|run_shoe_d","shoe_noadopt","all","run_shoe_d","Running shoe (repeat)"
-2,0,NA,"shoe_noadopt|all|run_shoe_d","shoe_noadopt","all","run_shoe_d","Running shoe (repeat)"
-1,0,NA,"shoe_noadopt|all|run_shoe_d","shoe_noadopt","all","run_shoe_d","Running shoe (repeat)"
0,1,NA,"shoe_noadopt|all|run_shoe_d","shoe_noadopt","all","run_shoe_d","Running shoe (repeat)"
1,0.0676691729323308,0.0125745950638584,"shoe_noadopt|all|run_shoe_d","shoe_noadopt","all","run_shoe_d","Running shoe (repeat)"
2,0.0576441102756892,0.011668055788358,"shoe_noadopt|all|run_shoe_d","shoe_noadopt","all","run_shoe_d","Running shoe (repeat)"
3,0.0776942355889724,0.0134012532000322,"shoe_noadopt|all|run_shoe_d","shoe_noadopt","all","run_shoe_d","Running shoe (repeat)"
4,0.0701754385964912,0.0127881177632018,"shoe_noadopt|all|run_shoe_d","shoe_noadopt","all","run_shoe_d","Running shoe (repeat)"
5,0.0833333333333333,0.0141042333413819,"shoe_noadopt|all|run_shoe_d","shoe_noadopt","all","run_shoe_d","Running shoe (repeat)"
6,0.0599141295862607,0.0128959551919891,"shoe_noadopt|all|run_shoe_d","shoe_noadopt","all","run_shoe_d","Running shoe (repeat)"
7,0.0883966472408087,0.0165372302110024,"shoe_noadopt|all|run_shoe_d","shoe_noadopt","all","run_shoe_d","Running shoe (repeat)"
8,0.083178591734405,0.0171807439494094,"shoe_noadopt|all|run_shoe_d","shoe_noadopt","all","run_shoe_d","Running shoe (repeat)"
-8,-0.0347976010528715,0.0227400960636318,"shoe_noadopt|all|med_d","shoe_noadopt","all","med_d","PLACEBO-ish: medication"
-7,-0.0407352478686586,0.021425946075214,"shoe_noadopt|all|med_d","shoe_noadopt","all","med_d","PLACEBO-ish: medication"
-6,-0.0164754964387244,0.0200496120538906,"shoe_noadopt|all|med_d","shoe_noadopt","all","med_d","PLACEBO-ish: medication"
-5,-0.000791529563615568,0.0199130668052063,"shoe_noadopt|all|med_d","shoe_noadopt","all","med_d","PLACEBO-ish: medication"
-4,-0.0142599282970521,0.0178572975339238,"shoe_noadopt|all|med_d","shoe_noadopt","all","med_d","PLACEBO-ish: medication"
-3,-0.0224428798509418,0.0188777232458224,"shoe_noadopt|all|med_d","shoe_noadopt","all","med_d","PLACEBO-ish: medication"
-2,-0.0167526903357183,0.020163223287162,"shoe_noadopt|all|med_d","shoe_noadopt","all","med_d","PLACEBO-ish: medication"
-1,0,NA,"shoe_noadopt|all|med_d","shoe_noadopt","all","med_d","PLACEBO-ish: medication"
0,0.0373335245331095,0.0207486048022982,"shoe_noadopt|all|med_d","shoe_noadopt","all","med_d","PLACEBO-ish: medication"
1,-0.00910664821532925,0.02011178574424,"shoe_noadopt|all|med_d","shoe_noadopt","all","med_d","PLACEBO-ish: medication"
2,0.00817707638959099,0.0198964928591415,"shoe_noadopt|all|med_d","shoe_noadopt","all","med_d","PLACEBO-ish: medication"
3,0.0167157707006655,0.0195208488512617,"shoe_noadopt|all|med_d","shoe_noadopt","all","med_d","PLACEBO-ish: medication"
4,0.0143551268256481,0.0212216925457908,"shoe_noadopt|all|med_d","shoe_noadopt","all","med_d","PLACEBO-ish: medication"
5,0.000752629158560295,0.0206442023191518,"shoe_noadopt|all|med_d","shoe_noadopt","all","med_d","PLACEBO-ish: medication"
6,-0.0210045897342988,0.0212020788380264,"shoe_noadopt|all|med_d","shoe_noadopt","all","med_d","PLACEBO-ish: medication"
7,0.0307695146222027,0.0249728851462479,"shoe_noadopt|all|med_d","shoe_noadopt","all","med_d","PLACEBO-ish: medication"
8,-0.00136785563424833,0.0266051567379191,"shoe_noadopt|all|med_d","shoe_noadopt","all","med_d","PLACEBO-ish: medication"
-8,-0.0769380862887453,0.0291078055151058,"shoe_noadopt|all|pet_d","shoe_noadopt","all","pet_d","PLACEBO: pet"
-7,-0.0661134327753317,0.0276495321080387,"shoe_noadopt|all|pet_d","shoe_noadopt","all","pet_d","PLACEBO: pet"
-6,-0.0994999569983395,0.0251281295439574,"shoe_noadopt|all|pet_d","shoe_noadopt","all","pet_d","PLACEBO: pet"
-5,-0.0869129784223304,0.0242705321227124,"shoe_noadopt|all|pet_d","shoe_noadopt","all","pet_d","PLACEBO: pet"
-4,-0.0394175993658021,0.0232708175710711,"shoe_noadopt|all|pet_d","shoe_noadopt","all","pet_d","PLACEBO: pet"
-3,-0.0204491546737003,0.0226393056686238,"shoe_noadopt|all|pet_d","shoe_noadopt","all","pet_d","PLACEBO: pet"
-2,-0.0105381857304931,0.019419504870409,"shoe_noadopt|all|pet_d","shoe_noadopt","all","pet_d","PLACEBO: pet"
-1,0,NA,"shoe_noadopt|all|pet_d","shoe_noadopt","all","pet_d","PLACEBO: pet"
0,0.00894489288444222,0.0233721226321302,"shoe_noadopt|all|pet_d","shoe_noadopt","all","pet_d","PLACEBO: pet"
1,0.0133187960041569,0.0228086069784882,"shoe_noadopt|all|pet_d","shoe_noadopt","all","pet_d","PLACEBO: pet"
2,-0.0230285954923608,0.022902354955465,"shoe_noadopt|all|pet_d","shoe_noadopt","all","pet_d","PLACEBO: pet"
3,0.0122071445455413,0.023906424889218,"shoe_noadopt|all|pet_d","shoe_noadopt","all","pet_d","PLACEBO: pet"
4,-0.0450971562339927,0.0243569828179175,"shoe_noadopt|all|pet_d","shoe_noadopt","all","pet_d","PLACEBO: pet"
5,-0.0606574356354363,0.024405410929067,"shoe_noadopt|all|pet_d","shoe_noadopt","all","pet_d","PLACEBO: pet"
6,-0.0566027406756496,0.0266264885769682,"shoe_noadopt|all|pet_d","shoe_noadopt","all","pet_d","PLACEBO: pet"
7,-0.0452931610763142,0.0297069777691559,"shoe_noadopt|all|pet_d","shoe_noadopt","all","pet_d","PLACEBO: pet"
8,-0.076990372149891,0.0299437561673616,"shoe_noadopt|all|pet_d","shoe_noadopt","all","pet_d","PLACEBO: pet"
-8,-0.0924968892974441,0.0359244053940435,"shoe_noadopt|all|book_d","shoe_noadopt","all","book_d","PLACEBO: books"
-7,-0.0561849760320896,0.0339173284796563,"shoe_noadopt|all|book_d","shoe_noadopt","all","book_d","PLACEBO: books"
-6,-0.050100083021666,0.0305944514848556,"shoe_noadopt|all|book_d","shoe_noadopt","all","book_d","PLACEBO: books"
-5,-0.0487701555539724,0.0300251191307463,"shoe_noadopt|all|book_d","shoe_noadopt","all","book_d","PLACEBO: books"
-4,-0.0320963593904816,0.0274269444109819,"shoe_noadopt|all|book_d","shoe_noadopt","all","book_d","PLACEBO: books"
-3,-0.0477436074287614,0.0270512478790345,"shoe_noadopt|all|book_d","shoe_noadopt","all","book_d","PLACEBO: books"
-2,-0.0474349122961187,0.0271028344420793,"shoe_noadopt|all|book_d","shoe_noadopt","all","book_d","PLACEBO: books"
-1,0,NA,"shoe_noadopt|all|book_d","shoe_noadopt","all","book_d","PLACEBO: books"
0,0.0299263621563887,0.0286379295382566,"shoe_noadopt|all|book_d","shoe_noadopt","all","book_d","PLACEBO: books"
1,-0.0148195391149656,0.0262888642578522,"shoe_noadopt|all|book_d","shoe_noadopt","all","book_d","PLACEBO: books"
2,0.00585693359740729,0.0288617282233861,"shoe_noadopt|all|book_d","shoe_noadopt","all","book_d","PLACEBO: books"
3,-0.0116903714528495,0.0279156609221573,"shoe_noadopt|all|book_d","shoe_noadopt","all","book_d","PLACEBO: books"
4,-0.0296767907456351,0.0298477277969182,"shoe_noadopt|all|book_d","shoe_noadopt","all","book_d","PLACEBO: books"
5,-0.0592559799768624,0.028229130286068,"shoe_noadopt|all|book_d","shoe_noadopt","all","book_d","PLACEBO: books"
6,-0.0341525955963492,0.030045273289054,"shoe_noadopt|all|book_d","shoe_noadopt","all","book_d","PLACEBO: books"
7,-0.0827416916584907,0.0307559384974688,"shoe_noadopt|all|book_d","shoe_noadopt","all","book_d","PLACEBO: books"
8,-0.0329474597564351,0.0346744185511602,"shoe_noadopt|all|book_d","shoe_noadopt","all","book_d","PLACEBO: books"
